Town Name,BTO Name,Launch Date,Flat Type,Floor Area* (sqm),Internal Floor Area Min (sqm),No. of units,Min Price,Max Price
Sembawang,Flowing Greenery (cancelled),04/01/2001,4-room,,90,210,117000,151000
Sembawang,Flowing Greenery (cancelled),04/01/2001,5-room,,110,200,206000,250000
Sembawang,River Edge,04/01/2001,4-room,,90,222,126000,159000
Sembawang,River Edge,04/01/2001,5-room,,110,225,207000,251000
Sengkang,Arcadia,04/01/2001,4-room,,90,640,135000,170000
Sengkang,Arcadia,04/01/2001,5-room,,110,321,231000,275000
Sengkang,Rivervale Green,04/01/2001,4-room,,90,576,125000,160000
Sengkang,Rivervale Green,04/01/2001,5-room,,110,200,206000,250000
Punggol,Edgedale Green,12/01/2002,4-room,,90,582,141000,170000
Punggol,Periwinkle,12/01/2002,4-room,,92,450,152000,183000
Sengkang,Coris 1,12/01/2002,4-room,,92,434,150000,188000
Punggol,Sundial,09/01/2003,4-room,,92,425,138000,178000
Punggol,"Sundial (cancelled, half relaunched as Nautilus)",09/01/2003,4-room,,92,478,138000,178000
Sembawang,"Spring Lodge (cancelled, relaunched as River Lodge)",09/01/2003,4-room,,92,432,126000,160000
Sengkang,Coris 2,09/01/2003,4-room,,92,448,157000,195000
Sengkang,Aspella 1,12/01/2003,4-room,,90,429,169000,199000
Sengkang,Aspella 2,12/01/2003,4-room,,90,433,170000,200000
Sengkang,Atrina 1,03/01/2004,4-room,,90,424,168000,197000
Sengkang,Atrina 2,03/01/2004,4-room,,90,366,168000,197000
Central,Pinnacle@Duxton,05/01/2004,4-room S1,,90,1232,288400,392100
Central,Pinnacle@Duxton,05/01/2004,5-room S2,,101,616,343100,451500
Sengkang,Fernvale Grove,08/01/2004,3-room,,65,156,89000,110000
Sengkang,Fernvale Grove,08/01/2004,4-room,,90,352,129000,162000
Punggol,"Anthias (cancelled, relaunched as Damai Grove)",12/01/2004,3-room,,65,134,101000,119000
Punggol,"Anthias (cancelled, relaunched as Damai Grove)",12/01/2004,4-room,,90,600,150000,185000
Sengkang,"Coral Green (cancelled, relaunched as Coral Spring)",12/01/2004,4-room,,92,655,142000,180000
Sengkang,Tivela,03/01/2005,4-room,,90,374,172000,202000
Punggol,Coralinus 1,06/01/2005,4-room,,90,369,169000,206000
Sengkang,Fernvale Court,09/01/2005,3-room,,65,128,96000,117000
Sengkang,Fernvale Court,09/01/2005,4-room,,90,372,138000,177000
Punggol,Coralinus 2,02/01/2006,4-room,,90,365,182000,220000
Sengkang,Fernvale Vista 1,07/01/2006,2-room,,45,86,54000,75000
Sengkang,Fernvale Vista 1,07/01/2006,3-room,,65,92,94000,123000
Sengkang,Fernvale Vista 1,07/01/2006,4-room,,90,330,131000,182000
Bishan,Golden Jasmine,09/01/2006,Studio Apartment,,35,58,62000,65000
Bishan,Golden Jasmine,09/01/2006,,,45,118,79000,83000
Sembawang,Sembawang Green,09/01/2006,4-room,,92,471,128000,172000
Geylang,Sri Geylang Serai,10/01/2006,5-room,,90,447,230000,292000
Sengkang,Compassvale View,11/01/2006,3-room,,65,105,108000,131000
Sengkang,Compassvale View,11/01/2006,4-room,,90,285,152000,186000
Punggol,Treelodge,05/01/2007,3-room,,65,98,139000,165000
Punggol,Treelodge,05/01/2007,4-room,,90,600,208000,254000
Punggol,Treelodge,05/01/2007,5-room loft,,111,14,370000,383000
Sengkang,Fernvale Vista 2,05/01/2007,2-room,,45,164,60000,83000
Sengkang,Fernvale Vista 2,05/01/2007,3-room,,65,174,100000,139000
Sengkang,Fernvale Vista 2,05/01/2007,4-room,,90,340,145000,200000
Punggol,Punggol Vista,08/01/2007,2-room,,45,105,75000,91000
Punggol,Punggol Vista,08/01/2007,3-room,,65,210,121000,145000
Punggol,Punggol Vista,08/01/2007,4-room,,90,313,184000,227000
Sengkang,Coral Spring,09/01/2007,4-room,,92,698,188000,252000
Bukit Merah,Telok Blangah Towers,10/01/2007,Studio Apartment,,35,30,70000,72000
Bukit Merah,Telok Blangah Towers,10/01/2007,,,45,60,88000,91000
Bukit Merah,Telok Blangah Towers,10/01/2007,3-room,,65,100,187000,238000
Bukit Merah,Telok Blangah Towers,10/01/2007,4-room,,90,210,308000,402000
Punggol,Punggol Lodge,10/01/2007,3-room,,65,52,122000,150000
Punggol,Punggol Lodge,10/01/2007,4-room,,90,464,190000,234000
Bukit Panjang,Segar Meadows,11/01/2007,3-room,,65,90,116000,143000
Bukit Panjang,Segar Meadows,11/01/2007,4-room,,90,322,181000,231000
Sengkang,Compassvale Beacon,11/01/2007,2-room,,45,60,69000,87000
Sengkang,Compassvale Beacon,11/01/2007,3-room,,65,150,116000,143000
Sengkang,Compassvale Beacon,11/01/2007,4-room,,90,540,180000,233000
Punggol,Damai Grove,12/01/2007,3-room,,62,65,123000,152000
Punggol,Damai Grove,12/01/2007,4-room,,676,90,195000,240000
Yishun,Jade Spring 1,12/01/2007,3-room,,65,48,118000,134000
Yishun,Jade Spring 1,12/01/2007,4-room,,90,336,183000,246000
Punggol,Punggol Spring,02/01/2008,4-room,,90,494,204000,259000
Yishun,Jade Spring 2,03/01/2008,2-room,,45,36,77000,97000
Yishun,Jade Spring 2,03/01/2008,3-room,,65,72,124000,141000
Yishun,Jade Spring 2,03/01/2008,4-room,,90,464,189000,253000
Punggol,Punggol Sapphire,05/01/2008,3-room,,90,760,234000,305000
Punggol,Punggol Sapphire,05/01/2008,4-room,,110,282,329000,396000
Punggol,Punggol Sapphire,05/01/2008,5-room loft,,120,23,442000,477000
Sengkang,Compassvale Pearl,05/01/2008,4-room,,90,336,216000,269000
Sengkang,Compassvale Pearl,05/01/2008,5-room,,110,84,308000,367000
Punggol,Punggol Breeze,06/01/2008,4-room,,90,778,223000,278000
Punggol,Punggol Breeze,06/01/2008,5-room,,110,186,315000,382000
Sengkang,Fernvale Residence,06/01/2008,3-room,,65,55,133000,162000
Sengkang,Fernvale Residence,06/01/2008,4-room,,90,444,207000,275000
Sengkang,Fernvale Residence,06/01/2008,5-room,,110,124,293000,365000
Woodlands,Straits Vista,06/01/2008,3-room,,65,50,116000,164000
Woodlands,Straits Vista,06/01/2008,4-room,,90,332,184000,257000
Bukit Panjang,Senja Green,8/26/2008,2-room,,45,96,82000,106000
Bukit Panjang,Senja Green,8/26/2008,3-room,,65,94,138000,170000
Bukit Panjang,Senja Green,8/26/2008,4-room,,90,284,211000,270000
Punggol,Punggol Arcadia,11/13/2008,3-room,,68,120,181000,211000
Punggol,Punggol Arcadia,11/13/2008,4-room,,94,465,268000,327000
Punggol,Punggol Arcadia,11/13/2008,5-room,,110,165,356000,416000
Choa Chu Kang,Sunshine Court,12/01/2008,Studio Apartment,,35,60,58000,66000
Choa Chu Kang,Sunshine Court,12/01/2008,Studio Apartment,,45,104,72000,80000
Choa Chu Kang,Sunshine Court,12/01/2008,3-room,,65,117,121000,148000
Choa Chu Kang,Sunshine Court,12/01/2008,4-room,,90,171,202000,236000
Punggol,Punggol Regalia,12/01/2008,4-room,,90,546,252000,316000
Punggol,Punggol Regalia,12/01/2008,5-room,,110,183,342000,428000
Yishun,Dew Spring,12/18/2008,2-room,,45,144,76000,90000
Yishun,Dew Spring,12/18/2008,3-room,,65,216,120000,146000
Yishun,Dew Spring,12/18/2008,4-room,,90,504,197000,238000
Woodlands,Champions Court,2/25/2009,Studio Apartment,,35,60,57000,64000
Woodlands,Champions Court,2/25/2009,,,45,164,71000,80000
Woodlands,Champions Court,2/25/2009,3-room,,65,182,118000,142000
Woodlands,Champions Court,2/25/2009,4-room,,90,224,194000,227000
Woodlands,Champions Court,2/25/2009,5-room,,110,185,247000,296000
Punggol,The Nautilus @ Punggol,3/26/2009,4-room,,90,413,228000,274000
Punggol,The Nautilus @ Punggol,3/26/2009,5-room,,110,106,305000,357000
Sengkang,Fernvale Crest,06/02/2009,2-room,,45,140,74000,98000
Sengkang,Fernvale Crest,06/02/2009,3-room,,65,372,116000,157000
Sengkang,Fernvale Crest,06/02/2009,4-room,,90,188,203000,250000
Punggol,Punggol Residences,7/30/2009,4-room,,91,615,264000,322000
Punggol,Punggol Spectra,8/31/2009,2-room,,45,301,89000,109000
Punggol,Punggol Spectra,8/31/2009,3-room,,67,285,151000,179000
Punggol,Punggol Spectra,8/31/2009,4-room,,92,556,234000,293000
Jurong West,Boon Lay Meadow,10/16/2009,2-room,,45,240,86000,103000
Jurong West,Boon Lay Meadow,10/16/2009,3-room,,65,300,138000,173000
Jurong West,Boon Lay Meadow,10/16/2009,4-room,,90,165,223000,266000
Sengkang,Fernvale Palms,10/16/2009,2-room,,65,96,129000,163000
Sengkang,Fernvale Palms,10/16/2009,3-room,,90,347,214000,262000
Sengkang,Fernvale Palms,10/16/2009,4-room,,110,52,282000,340000
Punggol,Punggol Ripples,11/16/2009,Studio Apartment,,35,56,65000,73000
Punggol,Punggol Ripples,11/16/2009,,,45,74,84000,92000
Punggol,Punggol Ripples,11/16/2009,3-room,,65,157,158000,185000
Punggol,Punggol Ripples,11/16/2009,4-room,,90,403,249000,305000
Punggol,Punggol Sails,11/16/2009,3-room,,65,279,158000,185000
Punggol,Punggol Sails,11/16/2009,4-room,,90,218,249000,305000
Punggol,Punggol Sails,11/16/2009,5-room,,110,109,332000,377000
Bukit Panjang,Segar Grove,12/15/2009,2-room,,45,115,72000,94000
Bukit Panjang,Segar Grove,12/15/2009,3-room,,65,217,125000,157000
Bukit Panjang,Segar Grove,12/15/2009,4-room,,90,196,210000,250000
Queenstown,Skyterrace@Dawson,12/15/2009,2-room,,35,20,112000,117000
Queenstown,Skyterrace@Dawson,12/15/2009,2-room,,42,20,132000,152000
Queenstown,Skyterrace@Dawson,12/15/2009,3-room,,63,110,280000,365000
Queenstown,Skyterrace@Dawson,12/15/2009,4-room,,81,241,373000,549000
Queenstown,Skyterrace@Dawson,12/15/2009,4-room,,83,179,426000,549000
Queenstown,Skyterrace@Dawson,12/15/2009,5-room,,98,58,532000,664000
Queenstown,Skyterrace@Dawson,12/15/2009,2-room + 4-room,,42,39,132000,152000
Queenstown,Skyterrace@Dawson,12/15/2009,2-room + 4-room,,88,39,426000,549000
Queenstown,Skyterrace@Dawson,12/15/2009,2-room + 5-room,,42,26,132000,152000
Queenstown,Skyterrace@Dawson,12/15/2009,2-room + 5-room,,103,26,555000,664000
Queenstown,Skyville@Dawson,12/15/2009,3-room,,63,160,280000,365000
Queenstown,Skyville@Dawson,12/15/2009,4-room,,81,682,373000,549000
Queenstown,Skyville@Dawson,12/15/2009,5-room,,101,118,532000,664000
Sembawang,Montreal Dale,12/15/2009,2-room,,45,115,83000,104000
Sembawang,Montreal Dale,12/15/2009,3-room,,65,156,133000,172000
Sembawang,Montreal Dale,12/15/2009,4-room,,90,152,222000,275000
Hougang,Buangkok Vale,01/05/2010,2-Room,47,45,128,88000,111000
Hougang,Buangkok Vale,01/05/2010,3-Room,68,65,113,142000,182000
Hougang,Buangkok Vale,01/05/2010,4-Room,93,90,458,231000,288000
Choa Chu Kang,Limbang Green,01/05/2010,Studio Apartment,37,35,144,64000,71000
Choa Chu Kang,Limbang Green,01/05/2010,,47,45,132,79000,89000
Choa Chu Kang,Limbang Green,01/05/2010,3-Room,67,65,128,140000,169000
Choa Chu Kang,Limbang Green,01/05/2010,4-Room,92,90,188,226000,278000
Punggol,Punggol Crest,02/11/2010,2-Room,46,45,240,90000,114000
Punggol,Punggol Crest,02/11/2010,3-Room,67,65,240,153000,189000
Punggol,Punggol Crest,02/11/2010,4-Room,92,90,270,247000,301000
Woodlands,Treegrove @ Woodlands,02/11/2010,Studio Apartment,36,35,96,64000,71000
Woodlands,Treegrove @ Woodlands,02/11/2010,,46,45,96,80000,89000
Woodlands,Treegrove @ Woodlands,02/11/2010,3-Room,67,65,220,141000,175000
Woodlands,Treegrove @ Woodlands,02/11/2010,4-Room,92 - 95,90,372,228000,288000
Sengkang,Fernvale Ridge,3/16/2010,3-Room,67,65,180,128000,171000
Sengkang,Fernvale Ridge,3/16/2010,4-Room,92,90,216,216000,271000
Sengkang,Fernvale Ridge,3/16/2010,5-Room,112 - 115,110,126,281000,352000
Sembawang,Sembawang RiverLodge,3/16/2010,3-Room,67,65,86,128000,166000
Sembawang,Sembawang RiverLodge,3/16/2010,4-Room,92,90,220,212000,268000
Jurong West,Boon Lay Grove,05/06/2010,4-Room,92,90,300,239000,287000
Jurong West,Boon Lay Grove,05/06/2010,5-Room,112,110,150,298000,358000
Yishun,Floral Spring,05/06/2010,Studio Apartment,37,35,48,64000,68000
Yishun,Floral Spring,05/06/2010,,47,45,48,78000,84000
Yishun,Floral Spring,05/06/2010,4-Room,92,90,264,219000,262000
Yishun,Floral Spring,05/06/2010,5-Room,112,110,240,289000,332000
Sengkang,Fernvale Foliage,6/30/2010,4-Room,92,90,336,215000,280000
Sengkang,Fernvale Foliage,6/30/2010,5-Room,111,110,168,279000,346000
Sengkang,Rivervale Arc,6/30/2010,2-Room,47,45,238,68000,96000
Sengkang,Rivervale Arc,6/30/2010,3-Room,67,65,221,122000,157000
Sengkang,Rivervale Arc,6/30/2010,4-Room,93,90,661,201000,262000
Punggol,Waterway Terraces,6/30/2010,3-Room,67,65,178,186000,237000
Punggol,Waterway Terraces,6/30/2010,4-Room,92,90,588,300000,376000
Punggol,Waterway Terraces,6/30/2010,5-Room,112,110,306,374000,458000
Jurong West,Corporation Tiara,7/29/2010,4-Room,93 - 96,90,171,242000,325000
Jurong West,Corporation Tiara,7/29/2010,5-Room,113 - 116,110,104,304000,389000
Bukit Panjang,Senja Gateway,7/29/2010,Studio Apartment,37,35,124,67000,76000
Bukit Panjang,Senja Gateway,7/29/2010,,47,45,130,85000,95000
Bukit Panjang,Senja Gateway,7/29/2010,4-Room,92 - 93,90,313,242000,306000
Bukit Panjang,Senja Gateway,7/29/2010,5-Room,112,110,174,308000,398000
Yishun,Yishun Riverwalk,8/31/2010,Studio Apartment,37,35,126,63000,70000
Yishun,Yishun Riverwalk,8/31/2010,,47,45,128,80000,78000
Yishun,Yishun Riverwalk,8/31/2010,3-Room,67,65,250,141000,181000
Yishun,Yishun Riverwalk,8/31/2010,4-Room,92,90,652,214000,268000
Yishun,Yishun Riverwalk,8/31/2010,5-Room,112,110,252,287000,350000
Sengkang,Anchorvale Horizon,10/26/2010,Studio Apartment,37,35,120,75000,82000
Sengkang,Anchorvale Horizon,10/26/2010,,46,45,120,95000,104000
Sengkang,Anchorvale Horizon,10/26/2010,4-Room,92,90,357,277000,344000
Sengkang,Anchorvale Horizon,10/26/2010,5-Room,112,110,148,344000,426000
Bukit Panjang,Senja Parc,10/26/2010,2-Room,47,45,112,86000,119000
Bukit Panjang,Senja Parc,10/26/2010,3-Room,67,65,112,149000,191000
Bukit Panjang,Senja Parc,10/26/2010,4-Room,92,90,353,242000,312000
Yishun,Yishun Greenwalk,11/18/2010,3-Room,67,65,112,150000,186000
Yishun,Yishun Greenwalk,11/18/2010,4-Room,92,90,602,224000,280000
Yishun,Yishun Greenwalk,11/18/2010,5-Room,112,110,462,298000,365000
Punggol,Punggol Topaz,12/22/2010,3-Room,68,65,184,166000,207000
Punggol,Punggol Topaz,12/22/2010,4-Room,93,90,542,267000,329000
Punggol,Punggol Topaz,12/22/2010,5-Room,113,110,284,335000,406000
Bukit Batok,Golden Daisy,1/25/2011,Studio Apartment,37,35,90,83000,94000
Bukit Batok,Golden Daisy,1/25/2011,,47,45,90,105000,118000
Yishun,Orchid Spring & Vista Spring,1/25/2011,2-Room,47,45,192,93000,112000
Yishun,Orchid Spring & Vista Spring,1/25/2011,3-Room,67,65,252,150000,183000
Yishun,Orchid Spring & Vista Spring,1/25/2011,4-Room,92,90,828,230000,278000
Yishun,Orchid Spring & Vista Spring,1/25/2011,5-Room,112,110,276,292000,353000
Sengkang,Fernvale Flora & Fernvale Gardens,2/28/2011,2-Room,46,45,93,88000,120000
Sengkang,Fernvale Flora & Fernvale Gardens,2/28/2011,3-Room,67,65,107,148000,193000
Sengkang,Fernvale Flora & Fernvale Gardens,2/28/2011,4-Room,92,90,531,240000,311000
Sengkang,Fernvale Flora & Fernvale Gardens,2/28/2011,5-Room,113,110,172,310000,378000
Bukit Panjang,Segar Vale,2/28/2011,2-Room,47,45,112,83000,108000
Bukit Panjang,Segar Vale,2/28/2011,3-Room,67,65,112,143000,173000
Bukit Panjang,Segar Vale,2/28/2011,4-Room,92,90,269,226000,284000
Bukit Panjang,Segar Vale,2/28/2011,5-Room,112,110,197,298000,354000
Jurong West,Boon Lay Fields,3/24/2011,3-Room,68,65,93,168000,199000
Jurong West,Boon Lay Fields,3/24/2011,4-Room,93,90,246,270000,321000
Jurong West,Boon Lay Fields,3/24/2011,5-Room,113,110,152,334000,391000
Sengkang,Compassvale Ancilla,3/24/2011,Studio Apartment,37,35,112,77000,87000
Sengkang,Compassvale Ancilla,3/24/2011,,47,45,112,101000,112000
Sengkang,Compassvale Ancilla,3/24/2011,3-Room,67,65,140,194000,232000
Sengkang,Compassvale Ancilla,3/24/2011,4-Room,92,90,420,303000,359000
Sengkang,Compassvale Ancilla,3/24/2011,5-Room,112,110,252,375000,444000
Sengkang,Anchorvale Cove,4/25/2011,3-Room,67,65,218,179000,220000
Sengkang,Anchorvale Cove,4/25/2011,4-Room,92 - 95,90,463,286000,370000
Sengkang,Anchorvale Cove,4/25/2011,5-Room,112 - 115,110,330,354000,456000
Hougang,Hougang Parkview,4/25/2011,3-Room,67 - 68,65,98,166000,196000
Hougang,Hougang Parkview,4/25/2011,4-Room,92 - 93,90,528,248000,324000
Hougang,Hougang Parkview,4/25/2011,5-Room,112 - 113,110,166,333000,404000
Sembawang,Montreal Ville,4/25/2011,2-Room,47,45,105,92000,116000
Sembawang,Montreal Ville,4/25/2011,3-Room,68,65,107,158000,191000
Sembawang,Montreal Ville,4/25/2011,4-Room,93,90,366,255000,310000
Punggol,Waterway Terraces II,4/25/2011,3-Room,67,65,118,201000,242000
Punggol,Waterway Terraces II,4/25/2011,4-Room,92,90,440,307000,390000
Punggol,Waterway Terraces II,4/25/2011,5-Room,112,110,246,400000,484000
Pasir Ris,Costa Ris & Golden Lily,5/27/2011,Studio Apartment,37,35,86,76000,83000
Pasir Ris,Costa Ris & Golden Lily,5/27/2011,,47,45,99,95000,102000
Pasir Ris,Costa Ris & Golden Lily,5/27/2011,2-Room,47,45,257,120000,142000
Pasir Ris,Costa Ris & Golden Lily,5/27/2011,3-Room,68,65,224,194000,225000
Pasir Ris,Costa Ris & Golden Lily,5/27/2011,4-Room,93,90,688,294000,347000
Pasir Ris,Costa Ris & Golden Lily,5/27/2011,5-Room,113,110,217,362000,436000
Punggol,Punggol Parcvista,5/27/2011,3-Room,68,65,172,166000,201000
Punggol,Punggol Parcvista,5/27/2011,4-Room,92,90,338,264000,336000
Punggol,Punggol Parcvista,5/27/2011,5-Room,112,110,172,335000,410000
Tampines,Tampines GreenLeaf & GreenWood,5/27/2011,Studio Apartment,37,35,71,81000,89000
Tampines,Tampines GreenLeaf & GreenWood,5/27/2011,,47,45,73,104000,111000
Tampines,Tampines GreenLeaf & GreenWood,5/27/2011,2-Room,47,45,96,120000,149000
Tampines,Tampines GreenLeaf & GreenWood,5/27/2011,3-Room,67 - 68,65,318,186000,236000
Tampines,Tampines GreenLeaf & GreenWood,5/27/2011,4-Room,92 - 92,90,604,288000,361000
Tampines,Tampines GreenLeaf & GreenWood,5/27/2011,5-Room,113,110,320,371000,444000
Woodlands,Woodlands Peak,5/27/2011,Studio Apartment,37,35,64,76000,90000
Woodlands,Woodlands Peak,5/27/2011,,47,45,63,95000,112000
Woodlands,Woodlands Peak,5/27/2011,3-Room,67,65,95,167000,221000
Yishun,Yishun Natura,7/14/2011,3-Room,68,65,112,164000,193000
Yishun,Yishun Natura,7/14/2011,4-Room,93 - 96,90,140,246000,296000
Yishun,Yishun Natura,7/14/2011,5-Room,113 - 117,110,112,319000,341000
Bukit Panjang,Segar Meadows (Premium Flats),7/14/2011,3-Room,68,65,60,157000,189000
Bukit Panjang,Segar Palmview (Standard Flats,7/14/2011,3-Room,67,65,119,137000,165000
Bukit Panjang,Segar Meadows (Premium Flats) & Segar Palmview (Standard Flats),7/14/2011,4-Room,92 - 93,90,590,217000,298000
Bukit Panjang,Segar Palmview (Standard Flats,7/14/2011,5-Room,112 - 113,110,213,274000,353000
Sengkang,Anchorvale Isles & Fernvale Riverbow,7/14/2011,3-Room,68,65,168,157000,189000
Sengkang,Anchorvale Isles & Fernvale Riverbow,7/14/2011,4-Room,92 - 93,90,944,246000,337000
Sengkang,Anchorvale Isles & Fernvale Riverbow,7/14/2011,5-Room,112 - 113,110,717,298000,421000
Tampines,Golden Carnation,7/14/2011,Studio Apartment,37,35,79,89000,96000
Tampines,Golden Carnation,7/14/2011,,47,45,70,114000,117000
Jurong West,Golden Orchid,7/14/2011,Studio Apartment,37,35,94,83000,94000
Jurong West,Golden Orchid,7/14/2011,,47,45,138,103000,115000
Punggol,Waterway Brooks & Waterway Woodcress,9/22/2011,Studio Apartment,37,35,62,85000,95000
Punggol,Waterway Brooks & Waterway Woodcress,9/22/2011,,47,45,94,107000,119000
Punggol,Waterway Brooks & Waterway Woodcress,9/22/2011,3-Room,68,65,100,205000,239000
Punggol,Waterway Brooks & Waterway Woodcress,9/22/2011,4-Room,93,90,1041,304000,379000
Punggol,Waterway Brooks & Waterway Woodcress,9/22/2011,5-Room,113,110,709,375000,466000
Sengkang,Anchorvale Harvest & Fernvale Rivergrove,9/22/2011,Studio Apartment,37,35,50,70000,81000
Sengkang,Anchorvale Harvest & Fernvale Rivergrove,9/22/2011,,47,45,50,91000,100000
Sengkang,Anchorvale Harvest & Fernvale Rivergrove,9/22/2011,3-Room,67 - 68,65,572,134000,207000
Sengkang,Anchorvale Harvest & Fernvale Rivergrove,9/22/2011,4-Room,92 - 93,90,1296,225000,340000
Sengkang,Anchorvale Harvest & Fernvale Rivergrove,9/22/2011,5-Room,112 - 113,110,477,290000,413000
Ang Mo Kio,Yio Chu Kang Vista,9/22/2011,Studio Apartment,37,35,78,92000,101000
Ang Mo Kio,Yio Chu Kang Vista,9/22/2011,,47,45,80,114000,126000
Ang Mo Kio,Yio Chu Kang Vista,9/22/2011,3-Room,67,65,98,227000,265000
Jurong East,Teban View,9/22/2011,3-Room,67,65,185,158000,219000
Jurong East,Teban View,9/22/2011,4-Room,92,90,333,271000,361000
Jurong West,Golden Peony,9/22/2011,Studio Apartment,37,35,106,85000,93000
Jurong West,Golden Peony,9/22/2011,,47,45,84,106000,113000
Punggol,Waterwy Banks (Standard Flats),11/24/2011,2-Room,44,42,158,85000,111000
Punggol,Waterwy Banks (Standard Flats),11/24/2011,3-Room,65,62,252,150000,199000
Punggol,Waterway Ridges (Premium Flats),11/24/2011,3-Room,67 - 68,65,224,188000,229000
Punggol,Waterway Ridges (Premium Flats) & Waterway Banks (Standard Flats),11/24/2011,4-Room,92 - 93,87,968,257000,359000
Punggol,Waterway Ridges (Premium Flats,11/24/2011,5-Room,112 - 113,110,246,351000,445000
Hougang,Hougang DewCourt (Standard Flats),11/24/2011,Studio Apartment,36,35,96,78000,88000
Hougang,Hougang DewCourt (Standard Flats),11/24/2011,,46,45,102,100000,110000
Hougang,Hougang Capeview (Premium Flats) & Hougang DewCourt (Standard Flats),11/24/2011,3-Room,67 - 68,65,108,169000,208000
Hougang,Hougang Capeview (Premium Flats) & Hougang DewCourt (Standard Flats),11/24/2011,4-Room,92 - 95,90,610,261000,349000
Hougang,Hougang Capeview (Premium Flats,11/24/2011,5-Room,112 - 115,110,244,352000,444000
Yishun,Acacia Breeze,11/24/2011,3-Room,68,65,108,156000,179000
Yishun,Acacia Breeze,11/24/2011,4-Room,92 - 93,90,418,234000,282000
Yishun,Acacia Breeze,11/24/2011,5-Room,112 - 113,110,308,277000,352000
Bukit Panjang,Fajar Spring Vista,11/24/2011,Studio Apartment,37,35,78,75000,82000
Bukit Panjang,Fajar Spring Vista,11/24/2011,,47,45,78,94000,101000
Bukit Panjang,Fajar Spring Vista,11/24/2011,3-Room,68,65,108,141000,172000
Bedok,Golden Cassia,11/24/2011,Studio Apartment,36 - 37,35,59,86000,92000
Bedok,Golden Cassia,11/24/2011,,46,45,70,112000,118000
Choa Chu Kang,Sunshine Gardens,01/12/2012,Studio Apartment,37,35,52,77000,85000
Choa Chu Kang,Sunshine Gardens,01/12/2012,,47,45,52,96000,104000
Choa Chu Kang,Sunshine Gardens,01/12/2012,3-Room,68,65,118,146000,172000
Choa Chu Kang,Sunshine Gardens,01/12/2012,4-Room,93,90,788,229000,284000
Choa Chu Kang,Sunshine Gardens,01/12/2012,5-Room,113,110,518,295000,364000
Sengkang,Fernvale Lea,01/12/2012,2-Room,47,65,100,83000,112000
Sengkang,Fernvale Lea,01/12/2012,3-Room,68,65,100,145000,183000
Sengkang,Fernvale Lea,01/12/2012,4-Room,93,90,600,234000,305000
Sengkang,Fernvale Lea,01/12/2012,5-Room,113,110,350,283000,376000
Punggol,Waterway Sunbeam,01/12/2012,3-Room,95,62,185,152000,196000
Punggol,Waterway Sunbeam,01/12/2012,4-Room,90,87,260,257000,333000
Punggol,Waterway Sunbeam,01/12/2012,5-Room,110,107,216,340000,415000
Tampines,Tampines Alcove & Tampines GreenTerrace,01/12/2012,Studio Apartment,37,35,94,86000,94000
Tampines,Tampines Alcove & Tampines GreenTerrace,01/12/2012,,47,45,92,108000,119000
Tampines,Tampines Alcove & Tampines GreenTerrace,01/12/2012,3-Room,67-69,65,202,183000,223000
Tampines,Tampines Alcove & Tampines GreenTerrace,01/12/2012,4-Room,93,90,196,292000,353000
Bukit Batok,Skyline I & II @ Bukit Batok,3/28/2012,3-Room,68,65,214,200000,253000
Bukit Batok,Skyline I & II @ Bukit Batok,3/28/2012,4-Room,92 - 95,90,517,301000,416000
Bukit Batok,Skyline I & II @ Bukit Batok,3/28/2012,5-Room,112 - 115,110,501,408000,530000
Bukit Panjang,Fajar Hills,3/28/2012,3-Room,68,65,146,144000,176000
Bukit Panjang,Fajar Hills,3/28/2012,4-Room,93,90,392,240000,294000
Bukit Panjang,Fajar Hills,3/28/2012,5-Room,113,110,324,306000,386000
Clementi,Clementi Ridges,3/28/2012,3-Room,69,65,156,322000,400000
Clementi,Clementi Ridges,3/28/2012,4-Room,93,90,312,438000,576000
Clementi,Clementi Ridges,3/28/2012,5-Room,113,110,216,550000,679000
Geylang,MacPherson Residency,3/28/2012,3-Room,67,65,211,285000,328000
Geylang,MacPherson Residency,3/28/2012,4-Room,93,90,426,417000,479000
Bedok,Ping Yi Greens,3/28/2012,2-Room,47,45,98,174000,202000
Bedok,Ping Yi Greens,3/28/2012,3-Room,68,65,84,281000,317000
Bedok,Ping Yi Greens,3/28/2012,4-Room,93,90,326,400000,464000
Bukit Timah,Golden Kismis,3/28/2012,Studio Apartment,37,35,66,104000,107000
Bukit Timah,Golden Kismis,3/28/2012,,47,45,66,129000,135000
Toa Payoh,Golden Clover,3/28/2012,Studio Apartment,36,35,92,94000,106000
Toa Payoh,Golden Clover,3/28/2012,,47,45,96,119000,132000
Sengkang,Compassvale Boardwalk,5/30/2012,4-Room,93,90,252,275000,335000
Sengkang,Compassvale Boardwalk,5/30/2012,5-Room,113,110,222,344000,412000
Choa Chu Kang,Keat Hong Pride,5/30/2012,3-Room,68,65,80,138000,174000
Choa Chu Kang,Keat Hong Pride,5/30/2012,4-Room,93,90,656,223000,285000
Choa Chu Kang,Keat Hong Pride,5/30/2012,5-Room,113,110,407,284000,363000
Punggol,Punggol Edge,5/30/2012,3-Room,67 - 68,65,128,163000,193000
Punggol,Waterway SunDew,5/30/2012,3-Room,67 - 68,65,152,183000,224000
Punggol,Punggol Edge & Waterway SunDew,5/30/2012,4-Room,92 - 93,90,823,260000,350000
Punggol,Punggol Edge & Waterway SunDew,5/30/2012,5-Room,112 - 113,110,422,326000,450000
Kallang-Whampoa,McNair Towers,5/30/2012,Studio Apartment,37,35,135,124000,142000
Kallang-Whampoa,McNair Towers,5/30/2012,,47,45,135,164000,174000
Kallang-Whampoa,Bendemeer Light & McNair Towers,5/30/2012,3-Room,68,65,327,322000,401000
Kallang-Whampoa,Bendemeer Light & McNair Towers,5/30/2012,4-Room,93,90,888,467000,595000
Choa Chu Kang,Keat Hong Axis,7/31/2012,2-Room,47,45,98,99000,121000
Choa Chu Kang,Keat Hong Axis,7/31/2012,3-Room,67,65,140,151000,170000
Choa Chu Kang,Keat Hong Axis,7/31/2012,4-Room,92,90,520,243000,292000
Choa Chu Kang,Keat Hong Axis,7/31/2012,5-Room,112,110,372,309000,378000
Punggol,Punggol Opal,7/31/2012,2-Room,47,45,128,104000,130000
Punggol,Punggol Opal,7/31/2012,3-Room,68,65,144,178000,210000
Punggol,Punggol Opal,7/31/2012,4-Room,93,90,254,289000,341000
Punggol,Waterway Cascadia,7/31/2012,3-Room,68,65,242,204000,247000
Punggol,Waterway Cascadia,7/31/2012,4-Room,93,90,500,310000,379000
Punggol,Waterway Cascadia,7/31/2012,5-Room,113,110,267,390000,485000
Clementi,Clementi Gateway,7/31/2012,3-Room,68,65,134,301000,351000
Clementi,Clementi Gateway,7/31/2012,4-Room,93,90,144,430000,514000
Bukit Merah,Depot Heights,7/31/2012,Studio Apartment,37,35,38,115000,122000
Bukit Merah,Depot Heights,7/31/2012,,47,45,76,147000,158000
Bukit Merah,Depot Heights,7/31/2012,3-Room,67,65,128,285000,340000
Bukit Merah,Depot Heights,7/31/2012,4-Room,92,90,176,430000,511000
Bukit Merah,Telok Blangah Ridgeview,7/31/2012,3-Room,68,65,96,317000,361000
Bukit Merah,Telok Blangah Ridgeview,7/31/2012,4-Room,93,90,396,458000,549000
Geylang,GreenTops & Sims Place,7/31/2012,Studio Apartment,36,35,108,114000,125000
Geylang,GreenTops & Sims Place,7/31/2012,,46,48,88,145000,157000
Geylang,GreenTops & Sims Place,7/31/2012,3-Room,68,65,142,284000,333000
Choa Chu Kang,Keat Hong Quad,9/27/2012,4-Room,93,90,334,234000,302000
Choa Chu Kang,Keat Hong Quad,9/27/2012,5-Room,113,110,190,313000,381000
Woodlands,TreeTrail @ Woodlands,9/27/2012,4-Room,93,90,418,248000,312000
Woodlands,TreeTrail @ Woodlands,9/27/2012,5-Room,113,110,234,308000,381000
Woodlands,Golden Saffron,9/27/2012,Studio Apartment,37,35,65,75000,83000
Woodlands,Golden Saffron,9/27/2012,,47,45,63,93000,102000
Ang Mo Kio,Cheng San Court,9/27/2012,Studio Apartment,37,35,85,112000,130000
Ang Mo Kio,Cheng San Court,9/27/2012,,47,45,86,141000,161000
Ang Mo Kio,Cheng San Court,9/27/2012,3-Room,68,65,178,282000,344000
Ang Mo Kio,Cheng San Court,9/27/2012,4-Room,93,90,363,435000,516000
Ang Mo Kio,Teck Ghee Parkview,9/27/2012,3-Room,68,65,130,249000,321000
Ang Mo Kio,Teck Ghee Parkview,9/27/2012,4-Room,93,90,256,398000,480000
Ang Mo Kio,Teck Ghee Parkview,9/27/2012,5-Room,113,110,190,498000,598000
Tampines,Tampines GreenLace,9/27/2012,4-Room,93 - 94,90,215,305000,357000
Tampines,Tampines GreenLace,9/27/2012,5-Room,113 - 114,110,165,384000,441000
Kallang-Whampoa,Tenteram Peak,9/27/2012,3-Room,67,65,319,245000,314000
Kallang-Whampoa,Tenteram Peak,9/27/2012,4-Room,93,90,436,370000,476000
Choa Chu Kang,Keat Hong Mirage,11/21/2012,3-Room,67,65,114,146000,182000
Choa Chu Kang,Keat Hong Mirage,11/21/2012,4-Room,92,90,559,243000,309000
Choa Chu Kang,Keat Hong Mirage,11/21/2012,5-Room,112,110,486,317000,385000
Sengkang,Compassvale Mast,11/21/2012,3-Room,67 - 68,65,104,221000,264000
Sengkang,Compassvale Mast,11/21/2012,4-Room,92 - 93,90,465,336000,403000
Sengkang,Compassvale Mast,11/21/2012,5-Room,112,110,359,421000,499000
Sengkang,Rivervale Delta,11/21/2012,3-Room,68,65,102,151000,192000
Sengkang,Rivervale Delta,11/21/2012,4-Room,93,90,425,251000,312000
Sengkang,Rivervale Delta,11/21/2012,5-Room,113,110,357,304000,380000
Bedok,Fengshan GreenVille,11/21/2012,Studio Apartment,37,35,96,99000,110000
Bedok,Fengshan GreenVille,11/21/2012,,47,45,102,128000,140000
Bedok,Fengshan GreenVille,11/21/2012,3-Room,68,65,182,242000,288000
Bedok,Fengshan GreenVille,11/21/2012,4-Room,93,90,570,366000,443000
Bedok,Fengshan GreenVille,11/21/2012,5-Room,113,110,108,471000,537000
Queenstown,Ghin Moh Edge,11/21/2012,Studio Apartment,37,35,111,113000,133000
Queenstown,Ghin Moh Edge,11/21/2012,,47,45,111,147000,168000
Queenstown,Ghin Moh Edge,11/21/2012,3-Room,68,65,296,310000,374000
Queenstown,Ghin Moh Edge,11/21/2012,4-Room,93,90,661,450000,594000
Toa Payoh,Joo Seng Green,11/21/2012,3-Room,68,65,102,270000,327000
Toa Payoh,Joo Seng Green,11/21/2012,4-Room,93,90,146,361000,441000
Toa Payoh,Toa Payoh Crest,11/21/2012,Studio Apartment,37,35,115,116000,135000
Toa Payoh,Toa Payoh Crest,11/21/2012,,47,45,117,145000,169000
Toa Payoh,Toa Payoh Crest,11/21/2012,3-Room,68,65,311,289000,364000
Toa Payoh,Toa Payoh Crest,11/21/2012,4-Room,93,90,464,428000,546000
Hougang,Hougang ParkEdge,1/29/2013,3-Room,68,65,136,165000,207000
Hougang,Hougang ParkEdge,1/29/2013,4-Room,93,90,204,268000,339000
Hougang,Hougang ParkEdge,1/29/2013,5-Room,113,110,238,334000,427000
Choa Chu Kang,Keat Hong Colours,1/29/2013,3-Room,68,65,136,140000,173000
Choa Chu Kang,Keat Hong Colours,1/29/2013,4-Room,93,90,484,229000,291000
Choa Chu Kang,Keat Hong Colours,1/29/2013,5-Room,113,110,348,298000,376000
Yishun,Oleander Breeze @ Yishun,1/29/2013,3-Room,68,65,160,170000,197000
Yishun,Oleander Breeze @ Yishun,1/29/2013,4-Room,93,90,348,264000,320000
Yishun,Oleander Breeze @ Yishun,1/29/2013,5-Room,113,110,180,331000,388000
Ang Mo Kio,Kebun Baru Court,1/29/2013,4-Room,92 - 93,90,180,380000,449000
Ang Mo Kio,Kebun Baru Court,1/29/2013,5-Room,113,110,103,482000,575000
Tampines,Tampines GreenForest,1/29/2013,3-Room,68,65,160,191000,232000
Tampines,Tampines GreenForest,1/29/2013,4-Room,93,90,264,293000,356000
Kallang-Whampoa,Whampoa Dew,1/29/2013,Studio Apartment,37,35,78,105000,124000
Kallang-Whampoa,Whampoa Dew,1/29/2013,,47,45,78,135000,154000
Kallang-Whampoa,Whampoa Dew,1/29/2013,4-Room,93,90,249,385000,483000
Sengkang,Compassvale Cape,3/21/2013,Studio Apartment,37,35,84,88000,95000
Sengkang,Compassvale Cape,3/21/2013,,47,45,84,108000,120000
Sengkang,Compassvale Cape,3/21/2013,3-Room,68,65,196,189000,227000
Sengkang,Compassvale Cape,3/21/2013,4-Room,93 -96,90,588,284000,361000
Sengkang,Compassvale Cape,3/21/2013,5-Room,113- 116,110,448,365000,454000
Sengkang,Compassvale Helm,3/21/2013,Studio Apartment,37,35,67,88000,96000
Sengkang,Compassvale Helm,3/21/2013,,47 - 48,45,71,112000,121000
Sengkang,Compassvale Helm,3/21/2013,4-Room,92,90,253,304000,355000
Sengkang,Compassvale Helm,3/21/2013,5-Room,112 - 113,110,207,372000,440000
Punggol,Matilda Portico,3/21/2013,4-Room,92,90,251,294000,348000
Punggol,Matilda Portico,3/21/2013,5-Room,112,110,219,363000,428000
Bukit Batok,SkyPeak @ Bukit Batok,3/21/2013,2-Room,47,45,100,117000,159000
Bukit Batok,SkyPeak @ Bukit Batok,3/21/2013,3-Room,68,65,110,209000,255000
Bukit Batok,SkyPeak @ Bukit Batok,3/21/2013,4-Room,92 - 93,90,790,294000,412000
Bukit Batok,SkyPeak @ Bukit Batok,3/21/2013,5-Room,113,110,430,411000,532000
Sembawang,EastBrook @ Canberra,5/30/2013,2-Room,47,45,140,82000,105000
Sembawang,EastBrook @ Canberra,5/30/2013,3-Room,67 - 68,65,263,138000,172000
Sembawang,"EastBank @ Canberra, EastBrook @ Canberra & EastWave @ Canberra",5/30/2013,4-Room,93,90,1199,225000,304000
Sembawang,EastBank @ Canberra & EastWave @ Canberra,5/30/2013,5-Room,113,110,514,314000,381000
Hougang,Golden Mint,5/30/2013,Studio Apartment,37,35,146,76000,84000
Hougang,Hougang Crimson,5/30/2013,3-Room,67,65,104,171000,205000
Hougang,Hougang Crimson,5/30/2013,4-Room,92 - 93,90,210,268000,335000
Choa Chu Kang,Keat Hong Crest,5/30/2013,3-Room,67,65,146,140000,172000
Choa Chu Kang,Keat Hong Crest,5/30/2013,4-Room,92,90,328,240000,288000
Choa Chu Kang,Keat Hong Crest,5/30/2013,5-Room,113,110,208,308000,372000
Jurong West,Spring Haven @ Jurong,5/30/2013,2-Room,47,45,90,94000,123000
Jurong West,Spring Haven @ Jurong,5/30/2013,3-Room,68,65,150,160000,200000
Jurong West,Spring Haven @ Jurong,5/30/2013,4-Room,93,90,238,260000,320000
Woodlands,Woodlands Pasture I & II,5/30/2013,3-Room,68,65,156,133000,168000
Woodlands,Woodlands Pasture I & II,5/30/2013,4-Room,93,90,509,223000,288000
Woodlands,Woodlands Pasture I & II,5/30/2013,5-Room,113,110,353,276000,351000
Yishun,Vine Grove @ Yishun,7/30/2013,2-Room (Type 1),38,36,48,76000,95000
Yishun,Vine Grove @ Yishun,7/30/2013,2-Room (Type 2),47,45,132,94000,118000
Yishun,Angsana Breeze @ Yishun  and Vine Grove @ Yishun,7/30/2013,3-Room,68,65,378,159000,201000
Yishun,Angsana Breeze @ Yishun  and Vine Grove @ Yishun,7/30/2013,4-Room,93,90,844,258000,313000
Yishun,Angsana Breeze @ Yishun,7/30/2013,5-Room,113,110,252,334000,392000
Yishun,Orchid Spring @ Yishun,7/30/2013,2-Room,47,45,108,114000,133000
Sengkang,Fernvale Riverwalk,7/30/2013,2-Room (Type 1),37,35,42,76000,102000
Sengkang,Fernvale Riverwalk,7/30/2013,2-Room (Type 2),47,45,72,98000,124000
Sengkang,Fernvale Riverwalk,7/30/2013,3-Room,68/69,65,205,150000,189000
Sengkang,Fernvale Riverwalk,7/30/2013,4-Room,94,90,401,251000,324000
Sengkang,Fernvale Lea,7/30/2013,2-Room,47,45,53,91000,122000
Sengkang,Rivervale Arc,7/30/2013,,47,45,57,107000,119000
Bukit Merah,Telok Blangah Parkview,7/30/2013,Studio Apartment,37,35,85,113000,128000
Bukit Merah,Telok Blangah Parkview,7/30/2013,,47,45,87,146000,163000
Bukit Merah,Telok Blangah Parkview,7/30/2013,3-Room,68,65,386,304000,368000
Bukit Merah,Telok Blangah Parkview,7/30/2013,4-Room,93,90,922,445000,561000
Punggol,Matilda Edge,9/26/2013,2-Room,37,35,64,81000,105000
Punggol,Matilda Edge,9/26/2013,,48,45,128,107000,134000
Punggol,Matilda Edge,9/26/2013,3-Room,68,65,538,176000,215000
Punggol,Matilda Edge,9/26/2013,4-Room,93,90,600,279000,343000
Punggol,Waterway View,9/26/2013,3-Room,68,65,190,181000,224000
Punggol,The Verandah @ Matilda and Waterway View,9/26/2013,4-Room,92 - 93,90,784,293000,373000
Punggol,The Verandah @ Matilda and Waterway View,9/26/2013,5-Room,113-114,110,564,365000,474000
Yishun,Khatib Court,9/26/2013,Studio Apartment,37,35,65,83000,90000
Yishun,Khatib Court,9/26/2013,,47,45,78,104000,110000
Yishun,Khatib Court,9/26/2013,3-Room,47,65,167,193000,234000
Yishun,Palm Breeze @ Yishun and Saraca Breeze @ Yishun,9/26/2013,3-Room,67 - 68,65,192,163000,206000
Yishun,Palm Breeze @ Yishun and Saraca Breeze @ Yishun,9/26/2013,4-Room,92 - 93,90,442,258000,320000
Yishun,Palm Breeze @ Yishun and Saraca Breeze @ Yishun,9/26/2013,5-Room,112 - 113,110,260,327000,393000
Yishun,Saraca Breeze @ Yishun,9/26/2013,3Gen,120,115,84,335000,400000
Woodlands,Admiralty Grove,11/26/2013,2-Room (Type 1),38,36,72,75000,96000
Woodlands,Admiralty Grove,11/26/2013,2-Room (Type 2),47,45,180,97000,118000
Woodlands,Admiralty Grove,11/26/2013,3-Room,68,65,240,156000,183000
Woodlands,Admiralty Grove,11/26/2013,4-Room,92/93,90,333,238000,298000
Woodlands,Admiralty Grove,11/26/2013,5-Room,113,110,168,307000,369000
Jurong West,Boon Lay View,11/26/2013,3-Room,68,65,140,160000,199000
Jurong West,Boon Lay View and Yung Kuang Court,11/26/2013,4-Room,93 - 94,90,608,256000,333000
Jurong West,Boon Lay View and Yung Kuang Court,11/26/2013,5-Room,113 - 114,110,478,320000,409000
Jurong West,Boon Lay View,11/26/2013,3Gen,121,115,112,321000,387000
Sembawang,EastLawn @ Canberra,11/26/2013,4-Room,93,90,163,236000,281000
Sembawang,EastLawn @ Canberra,11/26/2013,5-Room,94,110,174,315000,373000
Hougang,Hougang Meadow,11/26/2013,Studio Apartment,37,35,75,84000,91000
Hougang,Hougang Meadow,11/26/2013,,47,45,75,105000,114000
Hougang,Hougang Meadow,11/26/2013,3-Room,67,65,188,187000,232000
Hougang,Hougang Meadow,11/26/2013,4-Room,92 - 93,90,394,306000,362000
Bukit Batok,West Ridges @ Bukit Batok,11/26/2013,2-Room (Type 1),37,35,58,85000,108000
Bukit Batok,West Ridges @ Bukit Batok,11/26/2013,2-Room (Type 2),47,45,144,109000,137000
Bukit Batok,West Ridges @ Bukit Batok,11/26/2013,3-Room,67,65,235,169000,207000
Bukit Batok,West Ridges @ Bukit Batok,11/26/2013,4-Room,92,90,591,284000,333000
Bukit Batok,West Ridges @ Bukit Batok,11/26/2013,5-Room,112,110,550,373000,450000
Bukit Batok,Bukit Gombak Vista,1/22/2014,Studio Apartment,37,35,78,87000,101000
Bukit Batok,Bukit Gombak Vista,1/22/2014,,46,45,78,110000,125000
Bukit Batok,Bukit Gombak Vista,1/22/2014,3-Room,67,65,130,221000,269000
Jurong West,Golden Lavender,1/22/2014,Studio Apartment,37,35,74,83000,90000
Jurong West,Golden Lavender,1/22/2014,,46,45,75,103000,110000
Punggol,Punggol BayView -Typical Units,1/22/2014,3-Room,68,65,202,184000,232000
Punggol,Punggol BayView -Typical Units,1/22/2014,4-Room,93,90,404,293000,366000
Punggol,Punggol BayView -Typical Units,1/22/2014,5-Room,113,110,206,393000,470000
Punggol,Punggol BayView -Special Units,1/22/2014,4-Room**,96,93,58,315000,377000
Punggol,Punggol BayView -Special Units,1/22/2014,5-Room**,116-122,113,174,412000,495000
Punggol,Punggol BayView -Special Units,1/22/2014,3Gen**,123,118,52,443000,481000
Punggol,Punggol Vue,1/22/2014,2-Room (Type 1),37,35,76,84000,114000
Punggol,Punggol Vue,1/22/2014,2-Room (Type 2),47,45,228,111000,141000
Punggol,Punggol Vue,1/22/2014,3-Room,68,65,266,179000,218000
Woodlands,Woodlands Glen,1/22/2014,2-Room (Type 1),37,35,84,73000,93000
Woodlands,Woodlands Glen,1/22/2014,2-Room (Type 2),47,45,216,93000,117000
Woodlands,Woodlands Glen,1/22/2014,3-Room,68,65,180,145000,174000
Woodlands,Woodlands Glen,1/22/2014,4-Room,93,90,408,234000,278000
Serangoon,Golden Ginger,1/22/2014,Studio Apartment,37,35,78,87000,95000
Serangoon,Golden Ginger,1/22/2014,,47,45,72,108000,113000
Sembawang,EastCrown @ Canberra & EastLace @ Canberra,3/26/2014,2-Room (Type 1),38,36,136,70000,93000
Sembawang,EastCrown @ Canberra & EastLace @ Canberra,3/26/2014,2-Room (Type 2),47,45,316,89000,109000
Sembawang,EastCrown @ Canberra & EastLace @ Canberra,3/26/2014,3-Room,68,65,404,141000,177000
Sembawang,EastCrown @ Canberra & EastLace @ Canberra,3/26/2014,4-Room,93,90,570,236000,289000
Sembawang,EastCrown @ Canberra,3/26/2014,5-Room,113,110,274,313000,376000
Sengkang,Anchorvale Parkview,3/26/2014,4-Room,93,90,268,268000,329000
Sengkang,Anchorvale Parkview,3/26/2014,5-Room,113,110,165,358000,425000
Sengkang,Anchorvale Parkview,3/26/2014,3Gen,120,115,70,351000,422000
Yishun,Fern Grove @ Yishun,3/26/2014,2-Room (Type 1),38,36,48,75000,93000
Yishun,Fern Grove @ Yishun,3/26/2014,2-Room (Type 2),47,45,240,94000,118000
Yishun,Fern Grove @ Yishun,3/26/2014,3-Room,68,65,251,150000,186000
Yishun,Fern Grove @ Yishun,3/26/2014,4-Room,93,90,443,252000,302000
Yishun,Fern Grove @ Yishun,3/26/2014,5-Room,112,110,312,316000,386000
Bukit Batok,West Crest @ Bukit Batok & West Valley @ Bukit Batok,5/22/2014,2-Room (Type 1),38,36,94,84000,113000
Bukit Batok,West Crest @ Bukit Batok & West Valley @ Bukit Batok,5/22/2014,2-Room (Type 2),47,45,296,104000,141000
Bukit Batok,West Valley & Bukit Batok,5/22/2014,3-Room,68,65,162,164000,201000
Bukit Batok,West Crest @ Bukit Batok & West Valley @ Bukit Batok,5/22/2014,4-Room,92-93,90,624,265000,337000
Bukit Batok,West Crest @ Bukit Batok,5/22/2014,5-Room,112,110,189,371000,445000
Woodlands,Marsiling Greenview,5/22/2014,2-Room (Type 1),38,36,100,72000,110000
Woodlands,Marsiling Greenview,5/22/2014,2-Room (Type 2),47,45,189,94000,131000
Woodlands,Marsiling Greenview,5/22/2014,3-Room,68,65,194,144000,197000
Woodlands,Admiralty Flora & Marsiling Greenview,5/22/2014,4-Room,93,90,610,229000,312000
Woodlands,Admiralty Flora & Marsiling Greenview,5/22/2014,5-Room,113,110,563,308000,396000
Woodlands,Marsiling Greenview,5/22/2014,3Gen,120,115,50,323000,388000
Punggol,Matilda Court & Waterway Sunray,7/19/2014,2-Room (Type 1),38,36,98,82000,110000
Punggol,Matilda Court & Waterway Sunray,7/19/2014,2-Room (Type 2),47,45,326,109000,139000
Punggol,Matilda Court & Waterway Sunray,7/19/2014,3-Room,68,65,208,166000,212000
Punggol,Matilda Court & Waterway Sunray,7/19/2014,4-Room,93,90,574,278000,341000
Punggol,Matilda Court & Waterway Sunray,7/19/2014,5-Room,113,110,538,334000,429000
Sembawang,Sun Natura,7/19/2014,2-Room (Type 1),38,36,120,73000,98000
Sembawang,Sun Natura,7/19/2014,2-Room (Type 2),47,45,210,92000,119000
Sembawang,Sun Natura,7/19/2014,3-Room,68,65,121,150000,185000
Sembawang,Sun Natura,7/19/2014,4-Room,93,90,397,236000,301000
Toa Payoh,Toa Payoh Apex,7/19/2014,3-Room,68,65,138,273000,346000
Toa Payoh,Toa Payoh Apex,7/19/2014,4-Room,93,90,419,413000,507000
Woodlands,Kampung Admiralty,7/19/2014,Studio Apartment,38,36,48,91000,95000
Woodlands,Kampung Admiralty,7/19/2014,,47,45,56,105000,115000
Yishun,Park Grove @ Yishun,7/19/2014,2-Room (Type 1),38,36,24,77000,97000
Yishun,Park Grove @ Yishun,7/19/2014,2-Room (Type 2),47,45,96,103000,123000
Yishun,Park Grove @ Yishun,7/19/2014,4-Room,93,90,204,263000,318000
Yishun,Park Grove @ Yishun,7/19/2014,5-Room,113,110,216,339000,409000
Yishun,Park Grove @ Yishun,7/19/2014,3Gen,120,115,48,347000,411000
Bukit Batok,West Terra @ Bukit Batok,9/24/2014,2-Room@,38,36,126,86000,116000
Bukit Batok,West Terra @ Bukit Batok,9/24/2014,,47,45,336,109000,142000
Bukit Batok,West Terra @ Bukit Batok,9/24/2014,3-Room,67,65,261,167000,211000
Bukit Batok,West Terra @ Bukit Batok,9/24/2014,4-Room,93,90,616,269000,344000
Bukit Batok,West Terra @ Bukit Batok,9/24/2014,5-Room,113 - 115,110,454,361000,457000
Hougang,"Buangkok Edgeview & 
Buangkok Square",9/24/2014,2-Room@,38,36,63,80000,102000
Hougang,"Buangkok Edgeview & 
Buangkok Square",9/24/2014,,47,45,254,105000,130000
Hougang,"Buangkok Edgeview & 
Buangkok Square",9/24/2014,3-Room,68,65,116,171000,208000
Hougang,"Buangkok Edgeview & 
Buangkok Square",9/24/2014,4-Room,93,90,524,268000,326000
Hougang,"Buangkok Edgeview & 
Buangkok Square",9/24/2014,5-Room,113,110,179,343000,406000
Hougang,"Buangkok Edgeview & 
Buangkok Square",9/24/2014,3Gen,120,115,56,348000,419000
Jurong West,Yung Ho Spring I & II,9/24/2014,2-Room@,38,36,88,78000,104000
Jurong West,Yung Ho Spring I & II,9/24/2014,,47,45,323,99000,125000
Jurong West,Yung Ho Spring I & II,9/24/2014,3-Room,68,65,230,165000,208000
Jurong West,Yung Ho Spring I & II,9/24/2014,4-Room,93,90,266,257000,321000
Kallang-Whampoa,St George's Towers,9/24/2014,2-Room@,38,36,60,116000,134000
Kallang-Whampoa,St George's Towers,9/24/2014,,47,45,91,146000,165000
Kallang-Whampoa,St George's Towers,9/24/2014,3-Room,68,65,124,328000,388000
Kallang-Whampoa,St George's Towers,9/24/2014,4-Room,93,90,463,459000,574000
Sembawang,Sun Breeze,11/25/2014,2-Room@,38,36,58,73000,94000
Sembawang,Sun Breeze,11/25/2014,,48,45,220,94000,116000
Sembawang,Sun Breeze,11/25/2014,3-Room,68,65,116,148000,181000
Sembawang,Sun Breeze,11/25/2014,4-Room,93,90,306,240000,297000
Sengkang,Anchorvale Fields,11/25/2014,2-Room@,38,36,32,90000,109000
Sengkang,Anchorvale Fields,11/25/2014,,47,45,192,113000,135000
Sengkang,Anchorvale Fields,11/25/2014,3-Room,67,65,63,164000,208000
Sengkang,Anchorvale Fields,11/25/2014,4-Room,92,90,224,267000,335000
Yishun,Blossom Spring @ Yishun & Meadow Spring @ Yishun,11/25/2014,2-Room@,38,36,102,73000,95000
Yishun,Blossom Spring @ Yishun & Meadow Spring @ Yishun,11/25/2014,,47,45,340,92000,114000
Yishun,Blossom Spring @ Yishun & Meadow Spring @ Yishun,11/25/2014,3-Room,67 - 68,65,207,149000,177000
Yishun,Blossom Spring @ Yishun & Meadow Spring @ Yishun,11/25/2014,4-Room,93,90,470,240000,293000
Tampines,Tampines GreenEdge,11/25/2014,3-Room,67,65,154,166000,200000
Tampines,Tampines GreenEdge,11/25/2014,4-Room,92 - 93,90,198,258000,302000
Tampines,Tampines GreenEdge,11/25/2014,5-Room,112 - 113,110,99,356000,413000
Tampines,Tampines GreenRidges,11/25/2014,3-Room,68,66,454,202000,236000
Tampines,Tampines GreenRidges,11/25/2014,4-Room,92,90,740,294000,348000
Tampines,Tampines GreenRidges,11/25/2014,5-Room,112,110,246,386000,448000
Tampines,Tampines GreenRidges,11/25/2014,3Gen,119,115,56,407000,451000
Bukit Batok,West Edge @ Bukit Batok / West Rock @ Bukit Batok,02/11/2015,2-room@,38,36,162,80000,105000
Bukit Batok,West Edge @ Bukit Batok / West Rock @ Bukit Batok,02/11/2015,,47,45,466,101000,127000
Bukit Batok,West Edge @ Bukit Batok / West Rock @ Bukit Batok,02/11/2015,3-room,68,65,108,160000,192000
Bukit Batok,West Edge @ Bukit Batok / West Rock @ Bukit Batok,02/11/2015,4-room,93,90,864,259000,332000
Bukit Batok,West Edge @ Bukit Batok / West Rock @ Bukit Batok,02/11/2015,5-room,113 - 114,110,384,350000,432000
Bukit Batok,West Edge @ Bukit Batok / West Rock @ Bukit Batok,02/11/2015,3Gen,121,115,58,382000,432000
Hougang,Buangkok ParkVista / Buangkok Tropica,02/11/2015,2-room@,38,36,93,73000,99000
Hougang,Buangkok ParkVista / Buangkok Tropica,02/11/2015,,47 - 48,45,390,96000,125000
Hougang,Buangkok ParkVista / Buangkok Tropica,02/11/2015,3-room,68,65,185,158000,198000
Hougang,Buangkok ParkVista / Buangkok Tropica,02/11/2015,4-room,92 - 94,90,535,255000,315000
Geylang,MacPherson Spring ,02/11/2015,Studio Apartment,38,36,60,114000,121000
Geylang,MacPherson Spring ,02/11/2015,,47,45,108,140000,147000
Geylang,MacPherson Spring ,02/11/2015,3-room,68,65,204,275000,324000
Geylang,MacPherson Spring ,02/11/2015,4-room,93 - 96,90,378,403000,479000
Clementi,Clementi Crest,5/27/2015,4-room,93,90,229,478000,621000
Clementi,Clementi Crest,5/27/2015,5-room,113,110,156,576000,725000
Punggol,Northshore Residences I and II,5/27/2015,2-room@,38,36,126,88000,113000
Punggol,Northshore Residences I and II,5/27/2015,,47,45,420,111000,134000
Punggol,Northshore Residences I and II,5/27/2015,3-room,67,65,112,182000,211000
Punggol,Northshore Residences I and II,5/27/2015,4-room,94,92,519,284000,350000
Punggol,Northshore Residences I and II,5/27/2015,5-room,112,110,225,364000,439000
Sembawang,EastLink @ Canberra I & II,5/27/2015,2-room@,38,36,120,75000,100000
Sembawang,EastLink @ Canberra I & II,5/27/2015,,47,45,283,93000,123000
Sembawang,EastLink @ Canberra I & II,5/27/2015,3-room,68,65,255,152000,188000
Sembawang,EastLink @ Canberra I & II,5/27/2015,4-room,92 - 95,90,383,238000,302000
Tampines,Tampines GreenWeave,5/27/2015,Studio Apartment,38,36,112,86000,91000
Tampines,Tampines GreenWeave,5/27/2015,,47,45,112,102000,111000
Tampines,Tampines GreenWeave,5/27/2015,3-room,68,65,80,183000,224000
Tampines,Tampines GreenWeave,5/27/2015,4-room,93,90,465,281000,342000
Tampines,Tampines GreenWeave,5/27/2015,5-room,113,110,391,375000,446000
Tampines,Tampines GreenWeave,5/27/2015,3Gen,120,115,56,378000,449000
Bidadari,"Alkaff CourtView, Alkaff LakeView, Alkaff Vista",11/17/2015,2-room Flexi,38,36,85,154000,189000
Bidadari,"Alkaff CourtView, Alkaff LakeView, Alkaff Vista",11/17/2015,,47,45,107,193000,234000
Bidadari,"Alkaff CourtView, Alkaff LakeView, Alkaff Vista",11/17/2015,3-room,68 - 72,65,567,297000,385000
Bidadari,"Alkaff CourtView, Alkaff LakeView, Alkaff Vista",11/17/2015,4-room,93 - 97,90,1229,433000,550000
Bidadari,"Alkaff CourtView, Alkaff LakeView, Alkaff Vista",11/17/2015,5-room,113 - 114,110,151,544000,625000
Bukit Batok,West Quarry @ Bukit Batok,11/17/2015,2-room Flexi@,38,36,36,84000,107000
Bukit Batok,West Quarry @ Bukit Batok,11/17/2015,,48,45,301,104000,134000
Bukit Batok,West Quarry @ Bukit Batok,11/17/2015,3-room,68,65,79,161000,202000
Bukit Batok,West Quarry @ Bukit Batok,11/17/2015,4-room,93,90,220,272000,321000
Choa Chu Kang,Teck Whye Vista,11/17/2015,2-room Flexi@,38,36,42,90000,114000
Choa Chu Kang,Teck Whye Vista,11/17/2015,,47,45,84,104000,138000
Hougang,Hougang RiverCourt,11/17/2015,4-room,94,90,155,271000,332000
Hougang,Hougang RiverCourt,11/17/2015,5-room,114,110,83,364000,434000
Hougang,Hougang RiverCourt,11/17/2015,3Gen,121,115,47,358000,435000
Punggol, Waterfront I & II @ Northshore & Northshore StraitsView,11/17/2015,2-room Flexi@,38,36,235,84000,116000
Punggol, Waterfront I & II @ Northshore & Northshore StraitsView,11/17/2015,,47,45,596,109000,145000
Punggol, Waterfront I & II @ Northshore & Northshore StraitsView,11/17/2015,3-room,67 - 68,65,329,173000,223000
Punggol, Waterfront I & II @ Northshore & Northshore StraitsView,11/17/2015,4-room,93 - 96,90,1021,277000,372000
Punggol, Waterfront I & II @ Northshore & Northshore StraitsView,11/17/2015,5-room,112 - 116,110,437,377000,489000
Punggol, Waterfront I & II @ Northshore & Northshore StraitsView,11/17/2015,3Gen,123,118,97,392000,488000
Sengkang,Fernvale Woods ,11/17/2015,2-room Flexi@,38,36,161,81000,101000
Sengkang,Fernvale Woods ,11/17/2015,,48,45,446,101000,125000
Sengkang,Fernvale Woods ,11/17/2015,3-room,68,65,135,159000,193000
Sengkang,Fernvale Woods ,11/17/2015,4-room,93,90,226,252000,298000
Sengkang,Fernvale Woods ,11/17/2015,5-room,113,110,192,320000,385000
Bidadari,Alkaff Oasis,2/24/2016,2-room Flexi,38,36,66,154000,187000
Bidadari,Alkaff Oasis,2/24/2016,,47,45,152,195000,244000
Bidadari,Alkaff Oasis,2/24/2016,3-room,68,65,340,303000,356000
Bidadari,Alkaff Oasis,2/24/2016,4-room,93,90,800,440000,521000
Bidadari,Alkaff Oasis,2/24/2016,5-room,113,110,165,546000,633000
Bidadari,Alkaff Oasis,2/24/2016,3Gen,120,115,71,553000,639000
Bukit Batok,West Plains @ Bukit Batok,2/24/2016,2-room Flexi@,38,36,188,85000,113000
Bukit Batok,West Plains @ Bukit Batok,2/24/2016,,47,45,486,105000,134000
Bukit Batok,West Plains @ Bukit Batok,2/24/2016,3-room,68,65,187,163000,202000
Bukit Batok,West Plains @ Bukit Batok,2/24/2016,4-room,93,90,410,266000,325000
Bukit Batok,West Plains @ Bukit Batok,2/24/2016,5-room,113,110,384,367000,424000
Sengkang,Anchorvale Plains,2/24/2016,2-room Flexi@,38,36,128,80000,108000
Sengkang,Anchorvale Plains,2/24/2016,,47,45,320,105000,137000
Sengkang,Anchorvale Plains,2/24/2016,3-room,68,65,96,171000,202000
Sengkang,Anchorvale Plains,2/24/2016,4-room,93,90,260,267000,330000
Sengkang,Anchorvale Plains,2/24/2016,5-room,113,110,117,324000,402000
Bukit Panjang,"Senja Heights, Senja Ridges, Senja Valley",5/24/2016,2-room Flexi@,38 - 39,36,225,73000,115000
Bukit Panjang,"Senja Heights, Senja Ridges, Senja Valley",5/24/2016,,47,45,428,89000,139000
Bukit Panjang,"Senja Heights, Senja Ridges, Senja Valley",5/24/2016,3-room,69,66,190,147000,210000
Bukit Panjang,"Senja Heights, Senja Ridges, Senja Valley",5/24/2016,4-room,93 - 96,90,525,239000,336000
Bukit Panjang,"Senja Heights, Senja Ridges, Senja Valley",5/24/2016,5-room,113 - 114,110,141,315000,410000
Bukit Panjang,"Senja Heights, Senja Ridges, Senja Valley",5/24/2016,3Gen,120,115,62,316000,407000
Sembawang,EastCreek @ Canberra,5/24/2016,2-room Flexi@,38,36,172,74000,93000
Sembawang,EastCreek @ Canberra,5/24/2016,,47,45,438,92000,116000
Sembawang,EastCreek @ Canberra,5/24/2016,3-room,69,66,116,151000,181000
Sembawang,EastCreek @ Canberra,5/24/2016,4-room,93,90,350,235000,289000
Sembawang,EastCreek @ Canberra,5/24/2016,5-room,113 - 116,110,176,313000,392000
Ang Mo Kio,Ang Mo Kio Court,5/24/2016,2-room Flexi,38,36,52,142000,175000
Ang Mo Kio,Ang Mo Kio Court,5/24/2016,,47,45,104,176000,214000
Ang Mo Kio,Ang Mo Kio Court,5/24/2016,4-room,93 - 96,90,234,382000,501000
Ang Mo Kio,Ang Mo Kio Court,5/24/2016,5-room,113,110,148,515000,626000
Ang Mo Kio,Ang Mo Kio Court,5/24/2016,3Gen,120,115,52,541000,632000
Bedok,Bedok North Woods,5/24/2016,3-room,69,66,110,272000,318000
Bedok,Bedok North Woods,5/24/2016,4-room,94,90,247,408000,467000
Hougang,Buangkok Woods,8/17/2016,2-room Flexi@,38,36,112,79000,100000
Hougang,Buangkok Woods,8/17/2016,,47,45,252,106000,127000
Hougang,Buangkok Woods,8/17/2016,3-room,69,66,97,165000,201000
Hougang,Buangkok Woods,8/17/2016,4-room,93,90,250,255000,314000
Sembawang,EastDelta @ Canberra,8/17/2016,4-room,93 - 96,90,304,240000,300000
Sembawang,EastDelta @ Canberra,8/17/2016,5-room,113 - 116,110,266,311000,389000
Yishun,Valley Spring @ Yishun,8/17/2016,2-room Flexi@,38,36,117,79000,98000
Yishun,Valley Spring @ Yishun,8/17/2016,,47,45,299,98000,123000
Yishun,Valley Spring @ Yishun,8/17/2016,3-room,67,65,100,156000,190000
Yishun,Valley Spring @ Yishun,8/17/2016,4-room,93,90,308,251000,297000
Tampines,"Tampines GreenView, Tampines GreenVerge",8/17/2016,3-room,69 - 72,66,356,202000,253000
Tampines,"Tampines GreenView, Tampines GreenVerge",8/17/2016,4-room,93 - 96,90,1501,289000,368000
Tampines,"Tampines GreenView, Tampines GreenVerge",8/17/2016,5-room,113 - 116,110,819,398000,501000
Tampines,"Tampines GreenView, Tampines GreenVerge",8/17/2016,3Gen,119 - 122,115,60,428000,499000
Punggol,"Matilda Sundeck, Northshore Trio, Waterway Sunrise I",11/22/2016,2-room Flexi@,38,36,266,80000,108000
Punggol,"Matilda Sundeck, Northshore Trio, Waterway Sunrise I",11/22/2016,,47,45,603,98000,139000
Punggol,"Matilda Sundeck, Northshore Trio, Waterway Sunrise I",11/22/2016,3-room,68 - 69,65,174,164000,209000
Punggol,"Matilda Sundeck, Northshore Trio, Waterway Sunrise I",11/22/2016,4-room,93 - 96,90,753,258000,331000
Punggol,"Matilda Sundeck, Northshore Trio, Waterway Sunrise I",11/22/2016,5-room,113 - 116,110,333,329000,412000
Punggol,"Matilda Sundeck, Northshore Trio, Waterway Sunrise I",11/22/2016,3Gen,123,118,65,348000,409000
Bedok,"Bedok Beacon, Bedok North Vale, Bedok South Horizon",11/22/2016,2-room Flexi,38,36,154,135000,187000
Bedok,"Bedok Beacon, Bedok North Vale, Bedok South Horizon",11/22/2016,,47,45,376,170000,236000
Bedok,"Bedok Beacon, Bedok North Vale, Bedok South Horizon",11/22/2016,3-room,68,65,94,276000,308000
Bedok,"Bedok Beacon, Bedok North Vale, Bedok South Horizon",11/22/2016,4-room,92 - 93,90,757,407000,527000
Bedok,"Bedok Beacon, Bedok North Vale, Bedok South Horizon",11/22/2016,5-room,113,110,274,503000,578000
Bidadari,"Woodleigh Glen, Woodleigh Village",11/22/2016,2-room Flexi,38,36,32,181000,194000
Bidadari,"Woodleigh Glen, Woodleigh Village",11/22/2016,,47,45,98,218000,246000
Bidadari,"Woodleigh Glen, Woodleigh Village",11/22/2016,3-room,67 - 68,65,301,335000,397000
Bidadari,"Woodleigh Glen, Woodleigh Village",11/22/2016,4-room,92 - 94,90,587,468000,569000
Kallang/Whampoa,Kallang Residences,11/22/2016,3-room,69,66,85,350000,411000
Kallang/Whampoa,Kallang Residences,11/22/2016,4-room,93,90,158,497000,584000
Punggol,"Northshore Cove, Waterway Sunrise II",2/14/2017,2-room Flexi@,38,36,212,81000,112000
Punggol,"Northshore Cove, Waterway Sunrise II",2/14/2017,,47,45,501,101000,140000
Punggol,"Northshore Cove, Waterway Sunrise II",2/14/2017,3-room,68 - 69,65,209,163000,210000
Punggol,"Northshore Cove, Waterway Sunrise II",2/14/2017,4-room,93 - 96,90,723,257000,365000
Punggol,"Northshore Cove, Waterway Sunrise II",2/14/2017,5-room,113 - 116,110,170,383000,498000
Clementi,"Clementi NorthArc, Clementi Peaks",2/14/2017,3-room,68,65,218,293000,344000
Clementi,"Clementi NorthArc, Clementi Peaks",2/14/2017,4-room,93,90,766,432000,550000
Clementi,"Clementi NorthArc, Clementi Peaks",2/14/2017,5-room,113-116,110,521,571000,694000
Clementi,"Clementi NorthArc, Clementi Peaks",2/14/2017,3Gen,120-123,115,98,549000,709000
Tampines,"Tampines GreenBloom, Tampines GreenFlora",2/14/2017,4-room,93,90,306,299000,347000
Tampines,"Tampines GreenBloom, Tampines GreenFlora",2/14/2017,5-room,113,110,236,397000,469000
Tampines,"Tampines GreenBloom, Tampines GreenFlora",2/14/2017,3Gen,120,115,96,409000,475000
Woodlands,"Marsiling Grove, Woodlands Spring",5/18/2017,2-room Flexi@,38,36,145,73000,105000
Woodlands,"Marsiling Grove, Woodlands Spring",5/18/2017,,47,45,348,94000,129000
Woodlands,"Marsiling Grove, Woodlands Spring",5/18/2017,3-room,68,65,159,145000,189000
Woodlands,"Marsiling Grove, Woodlands Spring",5/18/2017,4-room,93,90,521,236000,318000
Woodlands,"Marsiling Grove, Woodlands Spring",5/18/2017,5-room,113,110,187,312000,401000
Woodlands,"Marsiling Grove, Woodlands Spring",5/18/2017,3Gen,120,115,58,320000,403000
Yishun,Forest Spring @ Yishun,5/18/2017,2-room Flexi@,38,36,97,77000,93000
Yishun,Forest Spring @ Yishun,5/18/2017,,47,45,223,94000,113000
Yishun,Forest Spring @ Yishun,5/18/2017,3-room,67,65,85,157000,177000
Yishun,Forest Spring @ Yishun,5/18/2017,4-room,93,90,251,251000,291000
Yishun,Forest Spring @ Yishun,5/18/2017,5-room,113,110,100,331000,378000
Bidadari,Woodleigh Hillside,5/18/2017,2-room Flexi,38,36,28,169000,192000
Bidadari,Woodleigh Hillside,5/18/2017,,47,45,130,213000,240000
Bidadari,Woodleigh Hillside,5/18/2017,3-room,69,66,143,328000,368000
Bidadari,Woodleigh Hillside,5/18/2017,4-room,94 - 95,91,680,475000,550000
Bidadari,Woodleigh Hillside,5/18/2017,5-room,113 - 116,110,326,579000,681000
Bidadari,Woodleigh Hillside,5/18/2017,3Gen,120,115,48,622000,646000
Geylang,"Dakota Breeze, Pine Vista",5/18/2017,2-room Flexi,38,36,64,179000,204000
Geylang,"Dakota Breeze, Pine Vista",5/18/2017,,47 - 48,45,238,229000,259000
Geylang,"Dakota Breeze, Pine Vista",5/18/2017,3-room,68 - 69,65,300,349000,398000
Geylang,"Dakota Breeze, Pine Vista",5/18/2017,4-room,93 - 96,90,671,489000,604000
Bukit Batok,"Sky Vista @ Bukit Batok, West Scape @ Bukit Batok",08/01/2017,2-room Flexi**,38,36,190,87000,129000
Bukit Batok,"Sky Vista @ Bukit Batok, West Scape @ Bukit Batok",08/01/2017,,47,45,437,106000,164000
Bukit Batok,"Sky Vista @ Bukit Batok, West Scape @ Bukit Batok",08/01/2017,3-room,68 - 69,65,252,171000,246000
Bukit Batok,"Sky Vista @ Bukit Batok, West Scape @ Bukit Batok",08/01/2017,4-room,93 - 96,90,340,265000,321000
Bukit Batok,"Sky Vista @ Bukit Batok, West Scape @ Bukit Batok",08/01/2017,5-room,113,110,178,353000,418000
Sengkang,Rivervale Shores,08/01/2017,2-room Flexi**,38,36,352,78000,100000
Sengkang,Rivervale Shores,08/01/2017,,47,45,722,101000,130000
Sengkang,Rivervale Shores,08/01/2017,3-room,68 - 71,65,174,159000,201000
Sengkang,Rivervale Shores,08/01/2017,4-room,93 - 96,90,678,252000,331000
Sengkang,Rivervale Shores,08/01/2017,5-room,113 - 116,110,574,317000,399000
Punggol,Northshore Edge,11/14/2017,4-room,96,94,192,287000,347000
Punggol,Northshore Edge,11/14/2017,5-room,113 - 114,111,196,357000,434000
Sengkang,"Anchorvale Village, Fernvale Glades",11/14/2017,2-room Flexi**,38  -  39,36,167,90000,112000
Sengkang,"Anchorvale Village, Fernvale Glades",11/14/2017,,47,45,470,108000,139000
Sengkang,"Anchorvale Village, Fernvale Glades",11/14/2017,3-room,68,65,207,178000,215000
Sengkang,"Anchorvale Village, Fernvale Glades",11/14/2017,4-room,93,90,390,265000,319000
Sengkang,"Anchorvale Village, Fernvale Glades",11/14/2017,5-room,113,110,221,336000,402000
Sengkang,"Anchorvale Village, Fernvale Glades",11/14/2017,3Gen,119,115,52,369000,408000
Geylang,Eunos Court,11/14/2017,2-room Flexi,38,36,20,201000,212000
Geylang,Eunos Court,11/14/2017,,47,45,87,234000,279000
Geylang,Eunos Court,11/14/2017,3-room,68,65,97,367000,408000
Geylang,Eunos Court,11/14/2017,4-room,93,90,538,522000,591000
Tampines,Tampines GreenCourt,11/14/2017,2-room Flexi,41,38,56,123000,145000
Tampines,Tampines GreenCourt,11/14/2017,,47,45,136,144000,163000
Tampines,Tampines GreenCourt,11/14/2017,3-room,68,65,186,216000,246000
Tampines,Tampines GreenCourt,11/14/2017,4-room,92  -  93,90,1228,323000,384000
Tampines,Tampines GreenCourt,11/14/2017,5-room,113,110,586,438000,516000
Choa Chu Kang,Teck Whye View,02/06/2018,2-room Flexi**,38,36,63,89000,114000
Choa Chu Kang,Teck Whye View,02/06/2018,,47,45,189,111000,139000
Choa Chu Kang,Teck Whye View,02/06/2018,3-room,68,65,84,182000,211000
Choa Chu Kang,Teck Whye View,02/06/2018,4-room,93,90,238,250000,340000
Woodlands,Woodlands Glade,02/06/2018,2-room Flexi**,38,36,90,71000,92000
Woodlands,Woodlands Glade,02/06/2018,,47,45,195,92000,111000
Woodlands,Woodlands Glade,02/06/2018,3-room,69,66,90,140000,169000
Woodlands,Woodlands Glade,02/06/2018,4-room,93,90,164,225000,268000
Woodlands,Woodlands Glade,02/06/2018,5-room,113,110,90,279000,339000
Geylang,Ubi Grove,02/06/2018,2-room Flexi,38,36,40,164000,180000
Geylang,Ubi Grove,02/06/2018,,47,45,80,201000,228000
Geylang,Ubi Grove,02/06/2018,3-room,68,65,80,308000,337000
Geylang,Ubi Grove,02/06/2018,4-room,93,90,993,429000,501000
Tampines,"Tampines GreenDew, Tampines GreenFoliage",02/06/2018,3-room,69,66,84,205000,234000
Tampines,"Tampines GreenDew, Tampines GreenFoliage",02/06/2018,4-room,93,90,644,296000,353000
Tampines,"Tampines GreenDew, Tampines GreenFoliage",02/06/2018,5-room,113,110,540,417000,480000
Sengkang,Fernvale Dew,5/22/2018,2-room Flexi**,40,38,154,99000,127000
Sengkang,Fernvale Dew,5/22/2018,,47,45,372,117000,147000
Sengkang,Fernvale Dew,5/22/2018,3-room,69,66,218,187000,227000
Sengkang,Fernvale Dew,5/22/2018,4-room,93,90,354,279000,342000
Sengkang,Fernvale Dew,5/22/2018,5-room,113,110,90,362000,426000
Yishun,Casa Spring @ Yishun,5/22/2018,2-room Flexi**,38,36,120,76000,95000
Yishun,Casa Spring @ Yishun,5/22/2018,,47,45,309,97000,121000
Yishun,Casa Spring @ Yishun,5/22/2018,4-room,93,90,312,256000,295000
Yishun,Casa Spring @ Yishun,5/22/2018,5-room,113,110,180,335000,386000
Yishun,Casa Spring @ Yishun,5/22/2018,3Gen,120,115,48,347000,391000
Tampines,Tampines GreenVines,5/22/2018,3-room,69,66,98,210000,237000
Tampines,Tampines GreenVines,5/22/2018,4-room,93 - 96,90,716,312000,358000
Tampines,Tampines GreenVines,5/22/2018,5-room,113 - 116,110,457,422000,495000
Toa Payoh,Kim Keat Beacon,5/22/2018,3-room,68,65,101,245000,292000
Toa Payoh,Kim Keat Beacon,5/22/2018,4-room,93,90,441,380000,463000
Punggol,"Punggol Point Cove, Punggol Point Woods",8/28/2018,2-room Flexi**,38,36,232,103000,130000
Punggol,"Punggol Point Cove, Punggol Point Woods",8/28/2018,,47,45,659,125000,158000
Punggol,"Punggol Point Cove, Punggol Point Woods",8/28/2018,3-room,68 - 72,65,190,188000,242000
Punggol,"Punggol Point Cove, Punggol Point Woods",8/28/2018,4-room,93 - 96,90,645,286000,362000
Punggol,"Punggol Point Cove, Punggol Point Woods",8/28/2018,5-room,113,110,356,393000,489000
Punggol,"Punggol Point Cove, Punggol Point Woods",8/28/2018,3Gen,120,115,30,411000,469000
Yishun,"Melody Spring @ Yishun, Yishun Glen",8/28/2018,2-room Flexi**,38 - 40,36,251,75000,111000
Yishun,"Melody Spring @ Yishun, Yishun Glen",8/28/2018,,47,45,758,93000,132000
Yishun,"Melody Spring @ Yishun, Yishun Glen",8/28/2018,3-room,71,68,168,178000,216000
Yishun,"Melody Spring @ Yishun, Yishun Glen",8/28/2018,4-room,93 - 94,90,742,248000,317000
Yishun,"Melody Spring @ Yishun, Yishun Glen",8/28/2018,5-room,113,110,344,334000,405000
Sembawang,EastGlen @ Canberra,11/13/2018,3-room,69,66,83,165000,204000
Sembawang,EastGlen @ Canberra,11/13/2018,4-room,93 - 94 ,90,131,251000,304000
Sembawang,EastGlen @ Canberra,11/13/2018,5-room,114,110,96,327000,391000
Sengkang,Fernvale Acres,11/13/2018,4-room,93,90,198,270000,353000
Sengkang,Fernvale Acres,11/13/2018,5-room,113,110,132,366000,438000
Tengah,Plantation Grove,11/13/2018,2-room Flexi**,38,36,154,101000,117000
Tengah,Plantation Grove,11/13/2018,,47,45,368,120000,150000
Tengah,Plantation Grove,11/13/2018,3-room,68 -71 ,65,119,193000,243000
Tengah,Plantation Grove,11/13/2018,4-room,93 - 96 ,90,536,290000,355000
Tengah,Plantation Grove,11/13/2018,5-room,113 - 116 ,110,395,397000,480000
Tengah,Plantation Grove,11/13/2018,3-Gen,120,115,48,423000,475000
Yishun,Melody Spring @ Yishun,11/13/2018,3-room,68,65,96,170000,200000
Yishun,Melody Spring @ Yishun,11/13/2018,4-room,93,90,252,259000,304000
Yishun,Melody Spring @ Yishun,11/13/2018,5-room,113,110,108,346000,393000
Tampines,Tampines GreenGem,11/13/2018,2-room Flexi,40,38,43,134000,154000
Tampines,Tampines GreenGem,11/13/2018,,48,46,117,158000,186000
Tampines,Tampines GreenGem,11/13/2018,3-room,70,67,104,240000,281000
Tampines,Tampines GreenGem,11/13/2018,4-room,94 - 96 ,91,492,352000,426000
Tampines,Tampines GreenGem,11/13/2018,5-room,113 - 114 ,110,330,472000,550000
Jurong West,"Boon Lay Glade, Jurong West Jewel",02/12/2019,2-room Flexi**,38,36,115,95000,126000
Jurong West,"Boon Lay Glade, Jurong West Jewel",02/12/2019,,47,45,385,113000,160000
Jurong West,"Boon Lay Glade, Jurong West Jewel",02/12/2019,3-room,68 - 69,65,166,185000,243000
Jurong West,"Boon Lay Glade, Jurong West Jewel",02/12/2019,4-room,93,90,431,257000,364000
Jurong West,"Boon Lay Glade, Jurong West Jewel",02/12/2019,5-room,113,110,250,338000,457000
Jurong West,"Boon Lay Glade, Jurong West Jewel",02/12/2019,3Gen,120,115,27,382000,452000
Sengkang,Fernvale Vines,02/12/2019,2-room Flexi**,40,38,127,102000,125000
Sengkang,Fernvale Vines,02/12/2019,,47,45,310,117000,151000
Sengkang,Fernvale Vines,02/12/2019,3-room,71,68,92,191000,242000
Sengkang,Fernvale Vines,02/12/2019,4-room,93,90,216,283000,344000
Sengkang,Fernvale Vines,02/12/2019,5-room,113,110,148,365000,433000
Sengkang,Fernvale Vines,02/12/2019,3Gen,120,115,40,385000,442000
Kallang/Whampoa,"Kallang Breeze, Towner Crest",02/12/2019,3-room,69,66,192,374000,472000
Kallang/Whampoa,"Kallang Breeze, Towner Crest",02/12/2019,4-room,93,90,663,523000,674000
Tengah,Garden Vale @ Tengah and Plantation Acres,5/22/2019,2-room Flexi**,40,38,286,106000,132000
Tengah,Garden Vale @ Tengah and Plantation Acres,5/22/2019,,47 - 48 ,45,721,123000,154000
Tengah,Garden Vale @ Tengah and Plantation Acres,5/22/2019,3-room,69 - 71 ,66,195,192000,246000
Tengah,Garden Vale @ Tengah and Plantation Acres,5/22/2019,4-room,94 - 95 ,91,507,309000,357000
Tengah,Garden Vale @ Tengah and Plantation Acres,5/22/2019,5-room,113 - 117 ,110,471,415000,480000
Woodlands,Champions Green,5/22/2019,2-room Flexi**,38,36,90,86000,99000
Woodlands,Champions Green,5/22/2019,,47,45,252,106000,128000
Woodlands,Champions Green,5/22/2019,3-room,69,66,88,165000,194000
Woodlands,Champions Green,5/22/2019,4-room,93,90,157,244000,295000
Woodlands,Champions Green,5/22/2019,5-room,113,110,135,336000,383000
Kallang/Whampoa,Kempas Residences,5/22/2019,2-room Flexi^^ (40-year Lease),38,36,54,117000,143000
Kallang/Whampoa,Kempas Residences,5/22/2019,,47,45,96,145000,181000
Kallang/Whampoa,Kempas Residences,5/22/2019,3-room+,68,65,115,387000,469000
Kallang/Whampoa,Kempas Residences,5/22/2019,4-room+,93,90,318,562000,674000
Punggol,Punggol Point Cove and Punggol Point Crown,09/11/2019,2-room Flexi**,38,36,363,109000,135000
Punggol,Punggol Point Cove and Punggol Point Crown,09/11/2019,,47,45,897,128000,173000
Punggol,Punggol Point Cove and Punggol Point Crown,09/11/2019,3-room,69 - 74,66,189,205000,268000
Punggol,Punggol Point Cove and Punggol Point Crown,09/11/2019,4-room,93 - 96,90,872,287000,398000
Punggol,Punggol Point Cove and Punggol Point Crown,09/11/2019,5-room,113 - 116,110,403,423000,551000
Tampines,Tampines GreenGlen,09/11/2019,4-room,94 - 95,91,330,312000,380000
Tampines,Tampines GreenGlen,09/11/2019,5-room,113,110,319,418000,504000
Tengah,"Garden Vines @ Tengah, Plantation Grange, and Plantation Village",11/12/2019,2-room Flexi**,38 - 40,36,339,110000,135000
Tengah,"Garden Vines @ Tengah, Plantation Grange, and Plantation Village",11/12/2019,,47,45,851,127000,167000
Tengah,"Garden Vines @ Tengah, Plantation Grange, and Plantation Village",11/12/2019,3-room,69 - 71,66,293,208000,256000
Tengah,"Garden Vines @ Tengah, Plantation Grange, and Plantation Village",11/12/2019,4-room,92 - 95,90,1091,302000,381000
Tengah,"Garden Vines @ Tengah, Plantation Grange, and Plantation Village",11/12/2019,5-room,112 - 117,110,847,409000,510000
Tengah,"Garden Vines @ Tengah, Plantation Grange, and Plantation Village",11/12/2019,3Gen,120,115,39,442000,504000
Ang Mo Kio,Yio Chu Kang Beacon,11/12/2019,2-room Flexi,38,36,32,170000,202000
Ang Mo Kio,Yio Chu Kang Beacon,11/12/2019,,47 - 48,45,100,212000,253000
Ang Mo Kio,Yio Chu Kang Beacon,11/12/2019,3-room,69,66,87,332000,391000
Ang Mo Kio,Yio Chu Kang Beacon,11/12/2019,4-room,93,90,235,451000,563000
Tampines,Tampines GreenSpring,11/12/2019,2-room Flexi,38,36,52,145000,171000
Tampines,Tampines GreenSpring,11/12/2019,,47,45,104,193000,216000
Tampines,Tampines GreenSpring,11/12/2019,3-room,69,66,90,281000,328000
Tampines,Tampines GreenSpring,11/12/2019,4-room,93,90,218,394000,480000
Tampines,Tampines GreenSpring,11/12/2019,5-room,113,110,193,508000,606000
Sembawang,Canberra Vista,02/11/2020,2-room Flexi**,38,36,152,89000,108000
Sembawang,Canberra Vista,02/11/2020,,48,46,540,116000,141000
Sembawang,Canberra Vista,02/11/2020,3-room,69,66,124,177000,210000
Sembawang,Canberra Vista,02/11/2020,4-room,93,90,385,272000,320000
Sembawang,Canberra Vista,02/11/2020,5-room,113,110,221,350000,406000
Sembawang,Canberra Vista,02/11/2020,3Gen,120,115,45,355000,411000
Toa Payoh,"Kim Keat Ripples and 
Toa Payoh Ridge",02/11/2020,"2-room Flexi^^
(40-year Lease)",38,36,69,90000,141000
Toa Payoh,"Kim Keat Ripples and 
Toa Payoh Ridge",02/11/2020,,47 - 48,45,246,109000,184000
Toa Payoh,"Kim Keat Ripples and 
Toa Payoh Ridge",02/11/2020,3-room,68,65,102,351000,446000
Toa Payoh,"Kim Keat Ripples and 
Toa Payoh Ridge",02/11/2020,4-room,93,90,1211,395000,666000
Choa Chu Kang,Keat Hong Verge,08/12/2020,2-room Flexi**,39,37,38,99000,115000
Choa Chu Kang,Keat Hong Verge,08/12/2020,,47,45,125,110000,143000
Choa Chu Kang,Keat Hong Verge,08/12/2020,3-room,68,65,118,164000,214000
Choa Chu Kang,Keat Hong Verge,08/12/2020,4-room,93,90,290,253000,326000
Tengah,Parc Residences @ Tengah,08/12/2020,2-room Flexi**,40,38,122,108000,138000
Tengah,Parc Residences @ Tengah,08/12/2020,,48,46,358,128000,157000
Tengah,Parc Residences @ Tengah,08/12/2020,3-room,70 - 71,68,99,198000,248000
Tengah,Parc Residences @ Tengah,08/12/2020,4-room,94 - 95,91,281,303000,364000
Tengah,Parc Residences @ Tengah,08/12/2020,5-room,112 - 113,110,184,418000,489000
Woodlands,"Champions Bliss, UrbanVille @ Woodlands",08/12/2020,2-room Flexi**,38,36,222,90000,131000
Woodlands,"Champions Bliss, UrbanVille @ Woodlands",08/12/2020,,48,46,624,113000,162000
Woodlands,"Champions Bliss, UrbanVille @ Woodlands",08/12/2020,3-room,68,65,144,184000,228000
Woodlands,"Champions Bliss, UrbanVille @ Woodlands",08/12/2020,4-room,93,90,706,276000,381000
Woodlands,"Champions Bliss, UrbanVille @ Woodlands",08/12/2020,5-room,113,110,438,405000,516000
Ang Mo Kio,Kebun Baru Edge,08/12/2020,4-room,93,90,240,423000,550000
Ang Mo Kio,Kebun Baru Edge,08/12/2020,5-room,113,110,140,571000,725000
Bishan,Bishan Towers,08/12/2020,2-room Flexi,38,36,24,176000,211000
Bishan,Bishan Towers,08/12/2020,,48,46,96,217000,277000
Bishan,Bishan Towers,08/12/2020,3-room,69,66,80,302000,408000
Bishan,Bishan Towers,08/12/2020,4-room,93 - 96,90,272,484000,617000
Geylang,Dakota One,08/12/2020,3-room,68,66,87,355000,421000
Geylang,Dakota One,08/12/2020,4-room,93,90,334,523000,617000
Pasir Ris, Costa Grove,08/12/2020,2-room Flexi,38,36,56,137000,158000
Pasir Ris, Costa Grove,08/12/2020,,47,45,156,167000,198000
Pasir Ris, Costa Grove,08/12/2020,3-room,69 - 72,66,160,245000,317000
Pasir Ris, Costa Grove,08/12/2020,4-room,93 - 96,90,373,374000,460000
Pasir Ris, Costa Grove,08/12/2020,5-room,113 - 116,110,325,493000,581000
Tampines,"Tampines GreenCrest, Tampines GreenOpal, Tampines GreenGlade",08/12/2020,3-room,69 - 70,66,182,205000,265000
Tampines,"Tampines GreenCrest, Tampines GreenOpal, Tampines GreenGlade",08/12/2020,4-room,93 - 95,90,871,311000,390000
Tampines,"Tampines GreenCrest, Tampines GreenOpal, Tampines GreenGlade",08/12/2020,5-room,113,110,717,423000,517000
Sembawang,Sun Sails,11/17/2020,2-room Flexi**,40,38,60,92000,102000
Sembawang,Sun Sails,11/17/2020,,48,46,160,106000,122000
Sembawang,Sun Sails,11/17/2020,3-room,71,68,84,163000,189000
Sembawang,Sun Sails,11/17/2020,4-room,95,92,238,260000,302000
Sembawang,Sun Sails,11/17/2020,5-room,113,110,184,336000,388000
Tengah,"Garden Court @ Tengah, Garden Terrace @ Tengah",11/17/2020,2-room Flexi**,40,38,128,108000,131000
Tengah,"Garden Court @ Tengah, Garden Terrace @ Tengah",11/17/2020,,47,45,336,127000,150000
Tengah,"Garden Court @ Tengah, Garden Terrace @ Tengah",11/17/2020,3-room,69,66,218,194000,233000
Tengah,"Garden Court @ Tengah, Garden Terrace @ Tengah",11/17/2020,4-room,95,92,570,288000,366000
Tengah,"Garden Court @ Tengah, Garden Terrace @ Tengah",11/17/2020,5-room,113,110,327,394000,487000
Bishan,Bishan Ridges,11/17/2020,2-room Flexi^^ (40-year lease),38,36,38,121000,139000
Bishan,Bishan Ridges,11/17/2020,,48,46,118,151000,179000
Bishan,Bishan Ridges,11/17/2020,3-room,68,65,124,374000,470000
Bishan,Bishan Ridges,11/17/2020,4-room,93,90,1222,528000,679000
Tampines,Tampines GreenEmerald,11/17/2020,2-room Flexi,40,38,39,130000,155000
Tampines,Tampines GreenEmerald,11/17/2020,,49,47,107,161000,192000
Tampines,Tampines GreenEmerald,11/17/2020,4-room,94,91,360,334000,410000
Tampines,Tampines GreenEmerald,11/17/2020,5-room,113,110,244,460000,538000
Toa Payoh,"Bartley Beacon, ParkView @ Bidadari",11/17/2020,3-room,69,66,184,324000,397000
Toa Payoh,"Bartley Beacon, ParkView @ Bidadari",11/17/2020,4-room,93 - 96,90,910,466000,598000
Toa Payoh,"Bartley Beacon, ParkView @ Bidadari",11/17/2020,5-room,113,110,144,627000,726000
Tengah,Garden Bloom @ Tengah,5/25/2021,2-room Flexi (Type 1),40,38,70,113000,137000
Tengah,Garden Bloom @ Tengah,5/25/2021,2-room Flexi (Type 2),49,47,196,132000,167000
Tengah,Garden Bloom @ Tengah,5/25/2021,4-room,94,91,265,299000,359000
Tengah,Garden Bloom @ Tengah,5/25/2021,5-room,113,110,251,404000,495000
Geylang,MacPherson Weave,5/25/2021,2-room Flexi (Type 1),38,36,54,180000,210000
Geylang,MacPherson Weave,5/25/2021,2-room Flexi (Type 2),49,46,162,235000,269000
Geylang,MacPherson Weave,5/25/2021,3-room,69,66,156,343000,405000
Geylang,MacPherson Weave,5/25/2021,4-room,93,90,1010,489000,626000
Bukit Merah,Telok Blangah Beacon,5/25/2021,3-room,69,66,105,419000,504000
Bukit Merah,Telok Blangah Beacon,5/25/2021,4-room,93,90,70,602000,710000
Woodlands,Woodgrove Ascent,5/25/2021,2-room Flexi (Type 1),38,36,146,98000,119000
Woodlands,Woodgrove Ascent,5/25/2021,2-room Flexi (Type 2),48,46,540,121000,148000
Woodlands,Woodgrove Ascent,5/25/2021,3-room,69,66,84,185000,219000
Woodlands,Woodgrove Ascent,5/25/2021,4-room,90,93,411,275000,373000
Woodlands,Woodgrove Ascent,5/25/2021,5-room,113,110,359,372000,491000
Hougang,Hougang Citrine,08/11/2021,2-room Flexi (Type 1),40,38,,108000,128000
Hougang,Hougang Citrine,08/11/2021,2-room Flexi (Type 2),48,46,,130000,156000
Hougang,Hougang Citrine,08/11/2021,3-room,69,67,,199000,240000
Hougang,Hougang Citrine,08/11/2021,4-room,95,92,,324000,368000
Hougang,Hougang Citrine,08/11/2021,5-room,113,110,,392000,482000
Hougang,Kovan Wellspring,08/11/2021,2-room Flexi (Type 1),40,38,78,153000,181000
Hougang,Kovan Wellspring,08/11/2021,2-room Flexi (Type 2),48,46,188,203000,234000
Hougang,Kovan Wellspring,08/11/2021,3-room,69,66,88,289000,340000
Hougang,Kovan Wellspring,08/11/2021,4-room,93,90,232,413000,507000
Queenstown,Queen's Arc,08/11/2021,3-room,69,66,76,382000,464000
Queenstown,Queen's Arc,08/11/2021,4-room,93,90,534,540000,670000
Tampines,Tampines GreenJade,08/11/2021,4-room,95,92,302,342000,419000
Tampines,Tampines GreenJade,08/11/2021,5-room,116,110,244,475000,564000
Tampines,Tampines GreenQuartz,08/11/2021,2-room Flexi (Type 1),40,38,58,142000,164000
Tampines,Tampines GreenQuartz,08/11/2021,2-room Flexi (Type 2),49,37,144,165000,196000
Tampines,Tampines GreenQuartz,08/11/2021,3-room,71,68,87,244000,291000
Tampines,Tampines GreenQuartz,08/11/2021,4-room,95-98,92,687,352000,445000
Tampines,Tampines GreenQuartz,08/11/2021,5-room,113-116,110,637,485000,597000
Jurong East,Toh Guan Grove,08/11/2021,2-room Flexi (Type 1),38,36,74,121000,146000
Jurong East,Toh Guan Grove,08/11/2021,2-room Flexi (Type 2),48,46,170,154000,189000
Jurong East,Toh Guan Grove,08/11/2021,3-room,69,66,85,237000,281000
Jurong East,Toh Guan Grove,08/11/2021,4-room,93,90,240,347000,436000
Kallang/Whampoa,Towner Residences,08/11/2021,3-room,68,65,90,336000,440000
Kallang/Whampoa,Towner Residences,08/11/2021,4-room,93,90,226,500000,656000